summonerId,queueType,tier,rank,leaguePoints
Xd2KiJUSqIZeBTeR55QIwCM_yoy3rkKJGbkvFPPp13odkyQ,RANKED_SOLO_5x5,SILVER,IV,0
xr78-ygJrtLP8wqWuoCO-gr4qjA0Jp83HPoCbwQQxfBc6h8,RANKED_SOLO_5x5,SILVER,II,45
fYhDVXD7TmxszfV1VzHUKV3PdY9E2TQwdDT79FcIDZkudbI,RANKED_SOLO_5x5,BRONZE,II,77
i2C7vepB2cU1kipgew2-5lGd7hgN3oPEUv9FMX40Ha3sMonZPGS7QZrcTg,RANKED_SOLO_5x5,GOLD,III,63
YPZu2fNpBPLduSozVQ_lpl-HGUTJiF0SrnTMBd_INTWxs0I,RANKED_FLEX_SR,BRONZE,II,64
OE4OfpVw7W26BJZCzbKnC9C_bLqRRNXsQNEjEEQfURcV2-7I9E2AM1H5Ag,RANKED_SOLO_5x5,SILVER,III,86
Ho0u1ov0nZ3UGS6zjPn1CKNiWPRSWeXW0PoOT6K1h2nxS4Tfy9UQXrzy6Q,RANKED_SOLO_5x5,BRONZE,IV,22
wdoAD68gwew5LQTpD3tcxhMKjJT9sQGMP-BqFze1kH9VdEICqMnsCqK0Aw,RANKED_SOLO_5x5,BRONZE,IV,50
6shGC15Vt19w0g-YX33PJijI91bHZoUMEkqpz22Da2THYmmqf88yEyl6sA,RANKED_SOLO_5x5,BRONZE,IV,0
ZWPN4OXp56SlAiMHFjGRjYyupXtq4gaEcbLynQq9-5efPUWc,RANKED_SOLO_5x5,BRONZE,III,86
UNEwonaVa7ttBOr8HgzeQQ2Nc_AWKDa3X2oIhYe7W_85nzMtFFscmcG7Ng,RANKED_SOLO_5x5,IRON,IV,17
dqlJRckbliCvbZ_UxpkeRVPFiy6ghbjairrdk0nP88GPaUuaE5aNoaDnfA,RANKED_SOLO_5x5,BRONZE,IV,3
LSoxRvkC_FBCezKZvzhzdAvIGvuq47DRF03bw0wf6ipXYi6l,RANKED_SOLO_5x5,IRON,II,68
urMqoBHLvge003_UlbDVtFxRI9hc1IUgDUHJibJyX7OPQHs,RANKED_SOLO_5x5,IRON,I,49
IB17wcNnxvRxXv3ATJwo0BFBKl6funU0RU9f5Chg8wkm3sRu,RANKED_FLEX_SR,IRON,I,49
6OSj8EMpeN-25RAzOVlkLoMss0qbRSDWt_DSV-EK9TbgAUFA,RANKED_FLEX_SR,IRON,II,51
WL5b92v_8-lP1RvTKado4XL7ZnGnozfSHkOJyz6ruPhbaYIL,RANKED_SOLO_5x5,BRONZE,IV,36
7ik42UGLweXMslY7AHf4oJl2yIY7tJOHWfrQztibBg6D6aeq,RANKED_SOLO_5x5,IRON,I,19
0NLQyGfaAXLTzJcl1WZO42ltK5qavhUXzWQ791LgAVgyO8U,RANKED_SOLO_5x5,SILVER,II,15
a9gRIl7rajMH86JHftQ9cbFyhwNUbt38Crej8v4AL8-uZcxabZIqns-zfg,RANKED_FLEX_SR,SILVER,II,76
QzW2ELGr4r2s3N5uISGAYaAoWBWnNArn2S5gTKyAMBdkRD7mv4M_D-hiFw,RANKED_SOLO_5x5,BRONZE,III,83
gS43rS2xaQaAjLGCAfcOAa6ZDXaq47erTXj0JFMpkZZZbLI,RANKED_SOLO_5x5,BRONZE,I,35
CRqRorlfgRjGcj36zhSoD4Dfhd5mWSbSoP1mvWYZyv5lJvM,RANKED_SOLO_5x5,IRON,II,32
6bt1Q110xXqJzNuCLY8SuF8JzdboTQkHeXsFn8dw9Hu36oklei7H12_Yew,RANKED_SOLO_5x5,SILVER,IV,70
mlA0sSIRHUtlbdOwMfSI2IAqbKByWANg46rVpee3PWyvaoM,RANKED_SOLO_5x5,SILVER,II,61
a8hweJnqM0dLynnRRwYM5rGxTMMl_ChvGGcd0X5hIbvOHGI,RANKED_FLEX_SR,SILVER,III,69
e0gGhMcQRSqQS9XVpq6U5hkBAL54Jyx84Vs9F4Ee8UuJ3tE,RANKED_SOLO_5x5,SILVER,II,58
jemzfWMsdTUwGFBL0_yJ2IGd_mBjB0cfsxAc0OylWjVTKgY,RANKED_SOLO_5x5,SILVER,IV,89
HXCgHLgzsMUjEfYsr53g0zShVll-CCsX3_MxDb-BtEdPpfY,RANKED_SOLO_5x5,SILVER,IV,60
Cen8RHoCxMsB1dQtBPx3KLGhk26slTDnrMOm1eilGX_J_88,RANKED_SOLO_5x5,SILVER,III,75
_U4xb4i-EqP7nOWuhfrJuEUe88vvCTwinpd7BLq5-53P4jE,RANKED_SOLO_5x5,SILVER,I,24
YBqGjstCR-41btzqIOKWbruFwbrJ5RlaRCtaw4Qxj7bNIDIKY0cqiR-2hA,RANKED_SOLO_5x5,DIAMOND,I,99
rQLe27shxRSEU9svjDeJNdh69WBPyuh4HoOWHfTlrLgE9hBI,RANKED_SOLO_5x5,MASTER,I,189
YcxYCCdSWw-fjx-xEMH9DGC6mR_P2A9pmEFzD5Za01oOj2eS,RANKED_SOLO_5x5,DIAMOND,II,46
rp64bD0GBu_4f574wNyxNE-bfiuT4zwfYPZYzLKzFDUPNH5_85_6jqO4Vg,RANKED_SOLO_5x5,GRANDMASTER,I,448
6QjTVyScEfTsw82HP-WcyE4aF_b04OEiYUYJY7uF8xugpqaw,RANKED_SOLO_5x5,GRANDMASTER,I,249
K8X74fpcAaymHpo2eTrH3H87W8EF3xDP-uqJfc7hNhwYYnaYUKOMSCWY5A,RANKED_SOLO_5x5,DIAMOND,II,12
MsYV2IuaSsFt3RGAJ5QR5ESdC7ocYa3rQzEAoRvgrPPpiD8,RANKED_SOLO_5x5,DIAMOND,III,86
8XPAKPBMBlj_zospjN58XVLfx_W9bpTxLiDzkX3nvcvqxV0,RANKED_SOLO_5x5,CHALLENGER,I,929
lvnseY8lvKgFSldgCQD52Sh64IBFTu-9nvPbSZDXBUrYdLt3_WIDebC6Pg,RANKED_SOLO_5x5,DIAMOND,II,86
Hjt80nWvRiJagpmKOEJ1mUeMxjZn86L_uiRzA-PBL1OXmXM,RANKED_SOLO_5x5,DIAMOND,III,79
MiYNOURyf08JZsI5A4Zinq3xyo_kaRuCb1k8TZ9DrjgNvaU,RANKED_SOLO_5x5,SILVER,III,72
VEZAgdlQuznwEbo1ipMRvVHPag8NMR4HvinlL_RLW6IpZMB9ZQqWfMu7kA,RANKED_SOLO_5x5,GOLD,IV,23
1Ff9GhbwpVZ4IVKDCXvUOuSe8kw9yVPS6Gkk9ga_DGnu1rKxmxhebg6izQ,RANKED_SOLO_5x5,GOLD,II,7
lZyx8pvmKZF-zntJjRvkJ47DARff0c1iJLR6ksguG-d0TiQ,RANKED_SOLO_5x5,GOLD,IV,74
xT4xwsa86wPDd1ziLt6Rp3cl7dhFlg4ZMPyWRFMiqz9PlUM,RANKED_SOLO_5x5,SILVER,III,45
AkX8tV6W-w72jEwez8FQC1gAjiuoiu25bKKpOtveZ3U15pCD,RANKED_SOLO_5x5,SILVER,III,16
hW-MAfqFcuyiqptL6T4MUSAGDb6xn8l8qjXsC0KctntpNDY,RANKED_SOLO_5x5,GOLD,IV,36
nnMZ89-Uk7BkYd44l4ZcH7e6NfExs1rdOXHy2AnPiqf3Q6HM,RANKED_SOLO_5x5,GOLD,II,2
uecrxxFw3SVVywsmB9TpgZKNHrHExbXQwRDxCgSki3Vs_14,RANKED_SOLO_5x5,SILVER,I,35
yM4McDpFwYXwjXgFK7cOXwbrjhEvUP8Sh1DOMYxfhOvWr8w,RANKED_FLEX_SR,GOLD,IV,5
wCglU7diRRBnkzjKjR0eDo0lYmoX44FilNNdFI8-DZEzfT8,RANKED_SOLO_5x5,SILVER,IV,71
2vjkYXdARgahPrvWMrVvbDbU1rwoBiMLtOBFbVDvaXjp17ZG,RANKED_SOLO_5x5,BRONZE,II,94
9tEyVnlyw2uLNraBYAhEA8yX6ao_0ySfdJuw1hAXFVQbmHA,RANKED_SOLO_5x5,BRONZE,I,57
QFuQpdaQsH92xKBUSGrzqLmymwtJJRj-1kUEtaYUaFVoTkg,RANKED_SOLO_5x5,BRONZE,II,19
ztmSRzcm-HzwNVNhOnb-vZnAYFY3ZkTuAK2FNmPIxMyy0RQe,RANKED_SOLO_5x5,BRONZE,III,90
DGq5CKYa9jYU-BjKVLSZiUvLrSLlaMgkDCWRJ8xrxaLm,RANKED_SOLO_5x5,BRONZE,III,99
WGhAPASSRPtFWU2IQhocZ3S3JU56XJjj1-20nafe0635QTUV,RANKED_SOLO_5x5,BRONZE,III,38
IdCspUEhI5YVT6lw5tufl6VG5wwDatPgeOGhTqDXTcuTpcegqUzpvMBAVg,RANKED_SOLO_5x5,BRONZE,IV,79
ZvO8Y3Hg2539TUyALnuCMO__kuqn5KU-ebiD6M6eHJZ9hzu-,RANKED_SOLO_5x5,SILVER,IV,26
kmzR1piiuz0zfPsNxjjIbVZHCqXktOPly2NXdgCMxZigGFMpdsmWzlA_kA,RANKED_SOLO_5x5,GRANDMASTER,I,413
DDwnLXfOT1k2NRpflUfhNpT6O5uBPH0CeTxd6V7irZnLJSkGH2I1yo_FtQ,RANKED_SOLO_5x5,DIAMOND,III,30
JLpOqhUAcwZo9z6JWE0C3P8VPTb8koxkOaj3-nGRv3U1ChOMY_ec6tRyPA,RANKED_SOLO_5x5,DIAMOND,III,77
JHyWaBp3-VGzU8JGcharLfMbMtcCbNPB54Qje_LwNQwlHk02,RANKED_SOLO_5x5,DIAMOND,IV,46
3u_S39TfGWjrgFPBEmFWg-yzf4wZMkV_qRVtAniSYwk-fUY,RANKED_SOLO_5x5,DIAMOND,IV,57
6B7agWS5XHIpUjaQvDjx_yarP6c0gdn9aLkcwB6y86HVuxM,RANKED_SOLO_5x5,DIAMOND,II,26
40a1IvgI4hkcYsvQ8KL1VWLubThJEUbWlx8MfKXNlKjLmiY,RANKED_SOLO_5x5,EMERALD,II,7
LOO8XQzeRUImVaCGrf4frh2vh6PGlbCpAJjncx8bYQIiIqnl8TTUi0TzSA,RANKED_FLEX_SR,PLATINUM,I,62
gVCF4Ihw0k6I2lRr81pzFavj99fegE7zVFVWSWAdWpUZvjyT,RANKED_SOLO_5x5,EMERALD,II,72
A_DB0VksvkQsMmCIVtCZh9G7bCMv6sdzJjOQuC0gvej7yXw,RANKED_SOLO_5x5,EMERALD,I,20
gp82ukZFP_sSQuNReeojquDlr442ZybOWVFygRkjhrmPHME,RANKED_SOLO_5x5,PLATINUM,II,42
rVkdUGxhiViwOZahX_5JkHdIlMXYV-BBq32eXa9p3WPEf8w,RANKED_SOLO_5x5,GOLD,I,32
e8co7r_0p4jviiqenZ-kBchyfvLo0kuA1Ws8wTBklIoH1P2u,RANKED_SOLO_5x5,PLATINUM,III,35
OZXwDa-fbrF1KdL7udzAJJ6mi15cblX_ug8-PMtt6x3SbaPc,RANKED_SOLO_5x5,GOLD,IV,20
IqGDsJKZhg620EyqoqVjO7jZN2PQRKREjChulPbBqebLML4Q,RANKED_SOLO_5x5,GOLD,II,12
pzDeOzdBWv_pqDV5vAoLUCExk6Y0oxngZz9G3q0l45vLsRg,RANKED_SOLO_5x5,GOLD,II,62
sE3hhuP6ze23LrJ-uq3MLBZEPGR_POWrA9qqpmqhx9OXud60,RANKED_SOLO_5x5,GOLD,IV,80
JMqYkhZ67Lh1xqLPuwkhtQW93lTX8Wa-GzYwSkCT8uVyEos,RANKED_SOLO_5x5,SILVER,I,98
5vjBS3rVIP5Au9PS_jQ_l-yUnKBun9p9yE3GVlAZVuxyzZ0,RANKED_SOLO_5x5,GOLD,I,24
9l52pLXJ2fvPddQqzJMpP0IcMqMGAGDNAGIOplQEjtr4WPU,RANKED_SOLO_5x5,PLATINUM,IV,68
pxSCBJfI1W9QIYkfa1t1PE5ODAmdkHAFsR0yPx0H5RoovIY,RANKED_SOLO_5x5,SILVER,II,78
34qSUrYOKkEaF2cnJ1_IGb27INTeXh02pfzg3rTH9yqFdGml,RANKED_SOLO_5x5,SILVER,III,73
NOQkyuZrbApPnhnSXvY4HKq3lJNhbGXJNq-lw1x-5xVMjLw,RANKED_SOLO_5x5,EMERALD,IV,35
Ld11_wvx5s5OwbFbk2xWpLKjLQXBtB2-wC29tCsbFOliYkM,RANKED_SOLO_5x5,PLATINUM,IV,50
OZiDtmponvO8kCBXPhASElX4vT3V7syhgCDewf4vqMwlM6Q,RANKED_SOLO_5x5,PLATINUM,IV,27
FaP8KU_dqtcDXobeD8gUltp_ffQHnyoYPx_RUk6lh-fjL0g,RANKED_SOLO_5x5,PLATINUM,III,65
QJqJkLy90cBPtzDI3Oy7muXlHXhUj6JPqeBYXF9uEsLKjQ5GvYlh-dAXsA,RANKED_SOLO_5x5,PLATINUM,I,20
my6s9Nk-IkdhrsadxMI7cnT1cAoFgglMXTrWMDl11Ki-lRk,RANKED_SOLO_5x5,PLATINUM,III,89
Sq0qek-Bd-kD2MZw0SwWTqWiRZ4Nm-q972ZFIzPaT6ksA6c,RANKED_SOLO_5x5,PLATINUM,IV,94
zwB5DbhVIXIMSRM0zT1u4AWBKPWUnx1tbolnO0NhlSmWeui2,RANKED_SOLO_5x5,IRON,III,6
mLGe4KWFhliDPWojoKwwg1rRIV1D21t90P0_Dx5HckFZoWLS,RANKED_SOLO_5x5,IRON,I,41
BwqpOhUM2JeXWgkP7R4FU_mQh2OzK9YyMwZ1osuHWYumI4E,RANKED_SOLO_5x5,BRONZE,II,98
3r_UYpzCuioXK4WdhVZccxFkp9uwSKnNPylCR6jkFDFs-qs,RANKED_FLEX_SR,BRONZE,IV,60
OGIJjTQccTYW_sGA7KybqBOidkQNcDIAncvFPDJ8GJGgUF3j,RANKED_SOLO_5x5,SILVER,III,6
mvVe6VJXx9V93hWxlVaDrnTVRs6EgSAFOH3JXEgWIhmOevI9,RANKED_SOLO_5x5,IRON,I,8
4s2PhWHxj8dbmb-CaIpIJA-2zxlNIcALpliQi_zrs-4yGzPZ,RANKED_FLEX_SR,PLATINUM,II,47
7JaFFs_cUSLR3TAmRrUwjYt4M5KHWa7E4y7X9xCffkW_7aw,RANKED_SOLO_5x5,EMERALD,II,34
9LMuNsR_MBlALwXAD70VGErYiHng-EnSQ6hPyMMzevNudPc,RANKED_SOLO_5x5,PLATINUM,I,14
CM4v1kTAUaKiO2yv78ob0gAawFZkI3zjBH-8gol0daiDxf0,RANKED_FLEX_SR,DIAMOND,II,9
3_HUp5bSEQTjj1Fj6HN-glovhHod78FGc58AM540j7Ut-4lp,RANKED_FLEX_SR,PLATINUM,III,55
TfhNVBhj33CE7HVf-oJLPMlqOqkD4jqjkK9Fb6NpH990N3U,RANKED_FLEX_SR,PLATINUM,II,56
Z__F95blLKf5aj_ea1IMxkj4_E5NimN8BW6VOUlAdUMBAoY,RANKED_FLEX_SR,SILVER,II,73
U9dvrcn3qbSaMEaqcj-N-yo7v8jD8IGKmzBcjgw6KQMvh8T76nA90jfESA,RANKED_SOLO_5x5,PLATINUM,IV,10
90TgOAjmNLja-2ujUQ6fSzCE2CERfuGwhI8VQt98ZBJnH6E,RANKED_FLEX_SR,DIAMOND,IV,68
yLNl_FjwJF7GKxUtRFcCIALnHu02_AD5PgezYlKMmf6Bw8s,RANKED_SOLO_5x5,PLATINUM,III,57
WMPOfdnehBMVFW9ay9_LsFNM0E78o74NtHWi6g4wdg8pwVA,RANKED_SOLO_5x5,PLATINUM,III,83
p1n_kEMaHVbFksL_1J-ftaBJ9V6MRyIXO8ZR_pab_JxQvJE,RANKED_SOLO_5x5,IRON,IV,48
RuA47R10QrSD4zjj5dxYxubH-2BHUN3LCaZfVyIGpTQq2xSF6-rMYhAt2A,RANKED_SOLO_5x5,IRON,III,78
olXVMoH21ncaA0WxdK9I0aw7cLnUZZ33ArzogObwIJhJOfep011v7gEwOQ,RANKED_SOLO_5x5,IRON,IV,25
av1MLO1aRToV9SZkEoSOCquadZIBsGgxniJW33gblvZpyjnZO0Jb1jlaPg,RANKED_SOLO_5x5,BRONZE,IV,87
DEiOgKWdrSxIakmUarNQix6GXH2_dfJ_YthAoBWKZLwctVWgce5GeHhCPw,RANKED_SOLO_5x5,IRON,I,29
-My28QAr_AuNkPe-jVsxe9olQFq_IiCMR8UEbAIQyFwloFL0,RANKED_SOLO_5x5,IRON,III,97
ogpkrJ-Ps3RcAAtbDqlvIxzuWxYDEqVbm3FMDJDEd4OaKmI,RANKED_SOLO_5x5,IRON,IV,81
ehqkYSUMcUPK1oiDtlXswvBTiptMg3V-jVZaExGp4QOnbaB8,RANKED_FLEX_SR,IRON,IV,53
0uEfcsoP5YgsVBcI-gCtEUDmPCn9RQ_VntpYjQCO9rVu4kumJFiOyitAOQ,RANKED_SOLO_5x5,IRON,IV,81
-ggROQ8DyoJ6mKSYsvXKfBbkoapgOS0HGUUI-jlZ5V-RiDxuW9hmmZmKJQ,RANKED_SOLO_5x5,IRON,I,9
DEpn8hXhTCTq66PyizClaMQgpGAJSqmoNho2YFs72FJuEL4,RANKED_FLEX_SR,IRON,IV,82
9u5gnKrFOj8iED9xugChvMuZt8CkV8PYFyYnP_2nxm1xJqk,RANKED_SOLO_5x5,SILVER,II,93
G5ACGG6Rrsvqyv2ZGYJS79N_dNGoPvzGR7WxvCRJUddSK7MefgULs_sqIA,RANKED_SOLO_5x5,PLATINUM,IV,7
9X0_isBUjI1OJ6K8DweJUria0qOPA63LV4Y9F7Hu8s1vJwR6,RANKED_SOLO_5x5,GOLD,II,92
ohnayAyTSuFcw2Ujagf8DVEj1gf46wToVssSNoowXx3AZ1xP,RANKED_SOLO_5x5,SILVER,I,11
WNNBuwb188x0khvLGvh0s9tvvBis2AE1XvrtkVctn0dATVzl,RANKED_SOLO_5x5,SILVER,I,79
Zfymb31bof-IWfhEZXNGlF8VzZAXPbC6ah0l9rhsDc0eAXE,RANKED_SOLO_5x5,BRONZE,II,68
a6g1BmXSKudifJTginXalMnKvZ4JpFB9jFJWrsqq0ktJ5ms,RANKED_SOLO_5x5,GOLD,IV,25
9FuY2SE53Y_SlX6nx4PF69IOGw4TwmGf0Ois9j4vNyvTDy4,RANKED_SOLO_5x5,GOLD,IV,63
TfR4SYnf6WvFkXHN5GdNi58GVhLZqdkLagaDtA8wNxZpN9U,RANKED_SOLO_5x5,GOLD,II,71
8ExYWIaCnGZDZ3yE3I-wjMoBB0nsCP5SqgBsHxmJwng_kJbjAZlSiHFDQA,RANKED_SOLO_5x5,GOLD,III,24
kUP4m-2y47PGsJZA7JOwsrSpfwmsGLt6SVTjo4xXdg4d-UPqiyMwLIw3Bw,RANKED_SOLO_5x5,SILVER,II,80
7FMhe8X3YYTNhslAYgLMN9IE3VII4M3uVkLJ8vfpkHNtlYn2hUQEhW6BNQ,RANKED_SOLO_5x5,GOLD,I,24
5cj6jBZAmE9PjkQTvlnuC3_befgb9WJpAC6zAFQaFqj8hRaBg1qzR1qjVg,RANKED_SOLO_5x5,DIAMOND,IV,52
KkTGIYIT73Kq4hTwTqm786rsgtDuuNIBAtTqHRO_YVQB_xk,RANKED_SOLO_5x5,EMERALD,I,62
Fxd3sBHUlkC63ib9qXAavGNcKNSFIV198ptlkWKOWz1_DBop,RANKED_SOLO_5x5,DIAMOND,IV,16
0vk5t4oiWh63mLFa4IuJMWZS0LscHHFtXIXNAHapIeEv84s,RANKED_SOLO_5x5,DIAMOND,II,51
L3KgOpJRjW5jtMVK_AwO8EwtXrVaXfeqW6w2I2d7Iohg2Vw,RANKED_SOLO_5x5,MASTER,I,6
M_SBJnLBa_1tPTP87d_mKP05ZJlS3kNdLwXUcETK3L4Hhu9nxPzA2tJS2Q,RANKED_SOLO_5x5,DIAMOND,IV,4
OkTj1znzmgDprY5Z61Mn5BduJwIN6RPJngp2IOGA9n0koRQ,RANKED_SOLO_5x5,DIAMOND,IV,75
6IOV3kUCzt48271p13jNxKmrWMa5wZidsCYWnfpLI0oy5AQ,RANKED_SOLO_5x5,EMERALD,I,53
tWTtXxy1BH97tfz080t_bFfYws3hZ9gIliebAKSuCtiTOKjO,RANKED_SOLO_5x5,DIAMOND,I,20
3KSpxtZUL2vDdINy7Qml6h7DcCGj8cRWDoExqKdWcjE6vSQ,RANKED_SOLO_5x5,DIAMOND,II,39
Y1nu6a6gsAzOwiptPTkKXFyM907P7DjO308tZK6NtCmoaS8T,RANKED_SOLO_5x5,GOLD,II,49
yLzxrMX_nAWtKlFaU8mYYL4DI0smausuNif7pByQirxyzxk,RANKED_SOLO_5x5,PLATINUM,II,15
kWAlyvnW4cEx98Bc2a_CsC7mKSJat06KjfEDWlVTUg,RANKED_SOLO_5x5,PLATINUM,III,55
VC8oFO1zWdge6vt0yZmATORofyxQPIzDrWfM16bDm9bpbofj,RANKED_SOLO_5x5,PLATINUM,III,12
363RJUi69nX3cFPjWiuDgodn0IWPoZurrT_Dog0FjSTmIO0,RANKED_SOLO_5x5,GOLD,II,42
Z5Pcc116pk-bs_9F94tN4Kp_FVbLcYb7ULEFnwlpwRCDNtnsAm-vQnKU9A,RANKED_SOLO_5x5,GOLD,IV,57
kZOeFC6ITDf6tYQFhF3TnGveOdzF-qoWCvD0e7HkTWGnRrV73NKjpsuHuA,RANKED_SOLO_5x5,GOLD,III,9
yqJkxrDZsdHvxBDtJgx_tV3XJD__jYv8d2aYsFfdNf9yC-s,RANKED_FLEX_SR,SILVER,IV,3
lt7UjeHcjl0NzmFQ9L8YEeXjHPejF_R6smsrwCAk10bKLUn-yHzR-TOE1A,RANKED_SOLO_5x5,MASTER,I,22
9-o6Rdfysi_QIhNJ2mLLQ0hUBJnxcaju1WbiDBekl8hyb1FC,RANKED_FLEX_SR,DIAMOND,II,67
npUdl7T_rtJ8c37KirckbZbVPy_T8VV1UaKRvwN_4Q114SkFMQLj8R990g,RANKED_SOLO_5x5,MASTER,I,0
iUpTsVgtyDFvtU_9ptYiHtvK1Fv8my8VmXkTC0-45oFy3iMmVVY7hPWufA,RANKED_SOLO_5x5,DIAMOND,I,96
liN08IIbn8Y7-dbseZFDNMMpfLLnQNlOKfHBOoRaJUQacVVjcmBySZvt9A,RANKED_SOLO_5x5,DIAMOND,III,55
ZlDHAzGkR0HYEjyi_mO3YLIRUHPC3K8f51ShHaV9T3oY_rpl,RANKED_SOLO_5x5,MASTER,I,1
nKelPFmqvOf058irHcu5RqB-pk7_8hOCAjSbMb27bb-hLDo,RANKED_SOLO_5x5,DIAMOND,I,38
w-UOeWNd-qSRQG4fh5trMUF0hwEFE6e0QsCMG2GELZcYHTs,RANKED_SOLO_5x5,DIAMOND,III,72
E53TUyNMGZESIIpf9TxnYH33C6tfxG6wDHdz7Dz-uH9LWtqM,RANKED_SOLO_5x5,DIAMOND,III,89
DL8iz7-aCSlvo0PMqe3L6DEidflfCmmDXzIy6UhYEbUhj6E,RANKED_SOLO_5x5,PLATINUM,IV,26
-yhxDv0FasEMRmH7U4odt0Z6toZB2Ftbh_Z5bbSBNSQD96Db,RANKED_SOLO_5x5,EMERALD,III,43
Jy5ooWpQtkZEfz1GzIIX_ApPnnHAluwIiCjht9TPZD7r4b8Y0CNUQYlJpA,RANKED_SOLO_5x5,EMERALD,III,64
tnvenESKwf_lQ32Fz127yypABAp1L6uskcLwKW3mr-NZ2qE,RANKED_SOLO_5x5,EMERALD,IV,84
DsEBsivg8vt8n_PPxhGF3ZkqLZfMgOIu161YVt5ZGSHb0fc,RANKED_SOLO_5x5,EMERALD,IV,0
ZyTBAM-rEi3wbYZT2Z-FHcvriVWnagsRaCqpOT-0W5yZ6HAe,RANKED_SOLO_5x5,EMERALD,IV,82
dsICBecIMI2USyUTr4fZaSEhmNKpVrSJ2ZotPm6BITSefPaB,RANKED_SOLO_5x5,PLATINUM,IV,36
H1gDH61q_dja1XZIXrOPcmiWArQC3c1rkJKeX34peEGsl-w,RANKED_SOLO_5x5,GOLD,II,80
Ne23yTeFfceTmvnGOvs3WYk0fWf5gbK_BAhDOBCdszxurms,RANKED_SOLO_5x5,PLATINUM,III,80
190Nv1ev4cmm0OSsbNmzaOhrvO5itb58SUTnaBkI9oxaGqrY,RANKED_SOLO_5x5,PLATINUM,II,66
JGm1a9IJuaSBxSknrGN96hk_E2I2x39AJKegPGEwBVM8sX4l,RANKED_SOLO_5x5,GOLD,I,62
PY2KgEt1UT3VfCe4WANBWpOYpgYqhfrO1732zOGBB1VgpXjP,RANKED_SOLO_5x5,PLATINUM,II,8
Bma--PPBQcM7gr3yqlF-rzRtgSoLTQBZBSqAh3y4fQRJBbo,RANKED_SOLO_5x5,PLATINUM,II,98
OYRkJCiNwmld0r5Jj91LPAZSL5aIcnHq85rmwsyPE-hadIY,RANKED_SOLO_5x5,PLATINUM,IV,0
dNhRRi5qabSpx7IHr2oJGJzdsayGCylxUzE9s8_md89r1gU,RANKED_FLEX_SR,SILVER,I,20
Xrz9DevxdV04cQ-c6dgoPF7WfJooe7aK6x5QO2uydaMgWiU,RANKED_SOLO_5x5,PLATINUM,IV,45
V-qw8RQH6nFOCI30ZSFY5rigSIvTbr_qeiGzJcS0INtFDiA,RANKED_SOLO_5x5,PLATINUM,IV,79
k18ZipJ2Tue4GFHAQKg9zYwHPcmHpIt-MxdywK53UfVyA-w,RANKED_SOLO_5x5,PLATINUM,IV,40
qU64Sygy_6YCXMCsp_VXCf8SWxskm6_l0vsBq8PcLX7t2Hc,RANKED_SOLO_5x5,PLATINUM,IV,71
exrMUZ17FD33eggqZXGtTw3ZkFJ4TT7_VMm5uoQxkA3scfw,RANKED_SOLO_5x5,DIAMOND,I,58
sOkqmaoglz4de9SUZ5HPrOZ3CXCfVNE-38dXmH6nch5vgmU60SQPiAcVOQ,RANKED_SOLO_5x5,MASTER,I,73
cO6d5aeCMOfGkOJS24r8N5uOqIFkxMcTTCCxvueuBijkQi4,RANKED_SOLO_5x5,DIAMOND,II,63
4FcNeEngF20vwRoP9EVCPSkW4MoNXNch-f0XGEokFd9M2wybb126Y0bmZw,RANKED_SOLO_5x5,GRANDMASTER,I,243
ptgjtbMlRX8hZxt5ZOTx6acN-wdnbW8x8IzmUl-q_aBlvxwzXR4X-9akmg,RANKED_SOLO_5x5,CHALLENGER,I,605
1DHBYPvNbfjoNdMWJI8sSSxbzW1fms0CreNJLy1HDWCA-MM,RANKED_SOLO_5x5,GRANDMASTER,I,220
55W_kiwso4P0z7R6b7RNPFDp_gRd7WRrEOn4vof1aM9qUzI,RANKED_SOLO_5x5,MASTER,I,53
j_8JHGCv_oRowtD7M-QcNRKCKCWdyjJXOIrlPbGrjVtocVY,RANKED_SOLO_5x5,MASTER,I,63
qGgJ0iOazAgdK_0RIerKFAyrOVoPewxl-alsZYMyvDt-cRc,RANKED_SOLO_5x5,MASTER,I,64
HdfanYtAAm95xMTTauFBej62O7IlfLkaU2GZTPq1AY8TSiI,RANKED_SOLO_5x5,MASTER,I,109
BosrskSGoAj2nEsOtEAW0Z_FXFI-DfWXSgeb5bpjj4x6ip1E,RANKED_SOLO_5x5,SILVER,III,69
G-nDlP2CVUJZUGVn3mEHI_cyVofiAtKMWbjhAcNncJJU0r98,RANKED_FLEX_SR,SILVER,II,19
4Sp9elg0UpXsSn_LlRVkW7TlZJGI_Sl6cqGM5C3c6JZeWwI,RANKED_SOLO_5x5,IRON,II,8
l4DBjI9YGIYxydR4IM8_WTb6GhuS1C3IDcRdnVtaFZTCxtP2K36BrEfFtA,RANKED_SOLO_5x5,BRONZE,III,90
vqJv6x-YrtIUZ20zOKe2urM9OIcWwN5WluaAeRJCmdmb0Wc,RANKED_SOLO_5x5,BRONZE,III,85
qqt7QRo1rag2qMdaHmkFcZTKa7P3w2O64qq-guWBRD7T01PT86Qth-besg,RANKED_SOLO_5x5,SILVER,I,88
vIm6qv4riLhwQLBr3dn4pDOjsbsoaaJCAg_4yYSAKgKVzgk,RANKED_SOLO_5x5,BRONZE,III,91
sZKDAAY7GtfTt0lvuFG1Q1jGCypn2g3rPmSRukVcFDmVt9iO,RANKED_SOLO_5x5,SILVER,IV,22
mjdnCYHSYeFWtv6QTiALA8rnMFREBDNacbTGpOzibO2oKgtP37Q8rgW_8w,RANKED_SOLO_5x5,SILVER,IV,53
OFE3BZ6efVEHQE26Fwm9WINtj1meoiXawLYcrJdX1nYGlyCKgymxA2hVbg,RANKED_SOLO_5x5,IRON,I,21
fRqkXUSg-ZwR1Em4MUufUAQPBl9HDG1tFj5mSTRhmwOOslk,RANKED_SOLO_5x5,SILVER,I,40
rja4__Oby81F1jJJGhi6fvK_NtbbjKDm86FlyYxlobejKIk,RANKED_SOLO_5x5,SILVER,III,24
rS8xpjtfFpK-Vs9C_Ps3XeLfgnUBlGupcZssgF8F3umsgyI,RANKED_SOLO_5x5,BRONZE,I,32
jjs4JWxhjprX55Uyp2k_3Ae6RBRAlpwT1miUecm7O61V2aNs,RANKED_SOLO_5x5,BRONZE,II,33
Ila3CzWKfJ-55bQQWNAG8evOUeR3TjnYFdkSqR7EqzBgeiQ,RANKED_SOLO_5x5,BRONZE,I,2
SFq1tMXhrXZvD7bAnJa5Acs6Xa7EawB7wl-fKHr46z3WWskFu3b-ilpq1A,RANKED_SOLO_5x5,BRONZE,II,30
R_oh9MUVGbOSOp4of0GA6Cp8_jgKcQdiOW35rnl4igqjNoT9,RANKED_SOLO_5x5,SILVER,IV,54
zNGurIk64D5xTB3DWRzJk7r2-9Mjmpoh4_9ISb0Fg6QHx5vD8lcAZh26fA,RANKED_SOLO_5x5,SILVER,IV,0
tcWoSh8wXmFrY0BbeC5u2ocfbDCFB2TJpG9Jf58cJcg_D9XfLKxdFbmKJw,RANKED_SOLO_5x5,SILVER,II,61
yZJydY3mDmygmqzoJXlzi0Ozg8eRUCizI4XOj3v6vEa0c9M4t3s8lSAUgg,RANKED_SOLO_5x5,BRONZE,I,47
mgkCSMn_0P0PuC8gIY9zb-z1GXNZ7k4BCF2iNIkTBvWe2iM,RANKED_SOLO_5x5,PLATINUM,III,9
AoYNrMMjVPwsBReeyGNMA4Xffd9SCtit-uI7j6akwlg458E,RANKED_SOLO_5x5,PLATINUM,IV,65
b6nrELngvYvhcVS2ULnqqo9prAldIKx-Zv0NaQ6WCa0CYe4,RANKED_SOLO_5x5,EMERALD,IV,19
ubK1NE5mMcpD02G9e5j6Gm6BCHUHEYfvkg_L2vtZVvXR-UM,RANKED_SOLO_5x5,PLATINUM,III,14
KysKLlUZC03ap1Q8jiLwCF49G1EALkjhwozA2JP4AXraV7s,RANKED_SOLO_5x5,PLATINUM,II,87
3pnC5hHYKQLlokgxslG5yr8pFhSw8LU_9wKZ973OtFFODNM,RANKED_SOLO_5x5,PLATINUM,IV,90
vJ7BRHs4WeDmaqPTihdmhchIVVr7f2L2VaroolURBJ7KQtk,RANKED_SOLO_5x5,PLATINUM,IV,95
ZQnHu956yW2_EPyUU-hg0g80uNh36W-tYgEMAr6-h26swNU,RANKED_SOLO_5x5,PLATINUM,III,84
UKVmqM_vD8klGCARtILrSa0BNXcZcAm0isDGaPqZg6j3z6A,RANKED_SOLO_5x5,MASTER,I,92
nJet38w8EEayS81Ts-qIYpY9qR6wuYotZ76L-NjN2KWY_js,RANKED_SOLO_5x5,DIAMOND,III,89
QVNHzzb6nDLzt8jt_7fQWOoRkPFVGKKOOHHbQanvgQ8QEe16NqmhvdVazw,RANKED_SOLO_5x5,DIAMOND,I,92
qMq8TI37NRTDspnItm_F_vHYvTOm5H4StKFZaZmspNTUNPNMhxcDlhTCxw,RANKED_SOLO_5x5,DIAMOND,II,39
hijH0XP5b_hGkPHcNnLTDF5nZVtobwyk3mmSfD8PQ_bnkFo,RANKED_SOLO_5x5,MASTER,I,23
bOalxH1kCc3ZSdWuvhT6VD6TPmVXIa1HcUuz0uxzjwGiliy-,RANKED_SOLO_5x5,DIAMOND,I,46
4f55GBkjKm-qswb7s-AUqOnRqBuQjzwCzuzLuPudUrWOWUXthWCAWlFWHg,RANKED_SOLO_5x5,DIAMOND,IV,26
dnhdQ2fHKjkRs5ZiHYhGdukDUOsYF1XqxA_grf-BcPMQCbE,RANKED_SOLO_5x5,DIAMOND,II,47
ARVKf6FVBD8B0J7NHPep6DO7z2JUhDZxJvHBpm8Rfr9Td-w9LgbFP_PmsQ,RANKED_SOLO_5x5,MASTER,I,67
QSQ6nzqhDVlcLP3Jk_Y0fdmiIWx_Ifj8HAoJ64xgvqPfBBM,RANKED_FLEX_SR,EMERALD,IV,42
_mvI_LcWvbT-4a8Z-ieLf_unJ3_gt78IcFxAWaP6bsl8KDJzbBHmCwg3uA,RANKED_SOLO_5x5,DIAMOND,IV,41
g-VoY1H9xHrvfcOIhGTJ-tmD_Wd3_lJlu-UKD6Qp28Fq7V8zxbrDB7n7SQ,RANKED_SOLO_5x5,DIAMOND,I,45
KHLTaJfIgGx2bqNYofDSteXM9fsONYlKt-AITmmHfL2hwiUe6YeTQBUfTQ,RANKED_SOLO_5x5,MASTER,I,160
VMwGslcRtKITQ8i2P45ZR4X0GwRfcOKyrar1kRX_dSk8-d0,RANKED_FLEX_SR,DIAMOND,II,85
ExQxBxaElYqme1I4S-VAiZ_xEG1W0OyX5ZAcSmQhe5tsVjQ,RANKED_SOLO_5x5,DIAMOND,III,15
LMEpKsHrkvMch7Zr7z_gur30wQbh40uU2O-X0PJf_KsLkA4,RANKED_SOLO_5x5,MASTER,I,179
wDeA__PjzmP0u3b-syBrqevmPg3g5DGLKZo8h3XM2WVEz1c,RANKED_SOLO_5x5,DIAMOND,II,86
TebzATKDCBqydQ3PgvK2VIUUUdvCZZ3oVHXMfLWsd8RUZE2I,RANKED_SOLO_5x5,DIAMOND,II,46
zVXG87bT8aU9YYAlUhFAqopdDpKs8b9ZmjQmTx4elkkAmwOltbgTA7spZw,RANKED_SOLO_5x5,MASTER,I,74
bSnlC_f65Jkw2tcGZjbWNe0bITAAUCZzosOtNBhjpGN_2XD_,RANKED_SOLO_5x5,MASTER,I,0
TkIj1bi90Y4YjOUYjiatMgjPwy0hs433yAC39h0M6pLU6LVwAnpUKceWXA,RANKED_SOLO_5x5,PLATINUM,II,57
ZO9sv8R1ln-x-u-M6w6zKqTFT3vCXkO2-S-SSA_BD4OeJ8E,RANKED_SOLO_5x5,EMERALD,III,67
iXw5mBZe42qPwxIy66F_geTy9KvxLcRRv231bEb2oSL00_g,RANKED_SOLO_5x5,PLATINUM,I,65
YKkCVj7VJ7CZzq4INvOClU2ns8imyRcyC041xfUn9soKHXU,RANKED_SOLO_5x5,EMERALD,IV,0
EDzwZcWRXVl4vI3u2PvG0rATUQGqOrwEJvYf-Cy7QFkcONI,RANKED_SOLO_5x5,PLATINUM,I,49
ctMuACy0njYWS4Vkd3iz2QInFFVx2RFNoIKJaRJ_LPtpp4tDUQuL9_9SFg,RANKED_SOLO_5x5,EMERALD,III,25
wqZE7GMMQJdetGYkg54RQXkfeAzLu97pXHypwi4xnlnKAhRCapEPDeu1ig,RANKED_SOLO_5x5,EMERALD,IV,76
v4GfB1wPhnREzmgC9Y5bRkG9znYReXA5--OnuIlL6WwmgC0,RANKED_SOLO_5x5,EMERALD,IV,0
6pMMP0q2jJx0oRV29HwsqWiT12GdaG3v0Z3-9Ukm3HBP6S4,RANKED_SOLO_5x5,PLATINUM,II,30
rOS5mjdJSy7o5ss8x3U7-BU5ovZ_xXfZimpSrT7tu3GX_YU,RANKED_SOLO_5x5,EMERALD,IV,64
UOhoN3zco-1V_dSkBJLAIfk2POGrKua2b1kLay66KgU7xkI,RANKED_SOLO_5x5,PLATINUM,III,51
pRY1jf9bDoYM1QVhf5aouCehf4V_dXu8ldzjUbBZmBi_fwQ,RANKED_SOLO_5x5,GOLD,IV,4
lLJIS3ZMB3d1CpGBZjfvp7m4TP22mx6OGToXRdTbUeeV1o0,RANKED_FLEX_SR,GOLD,III,81
9tokxQ6ftoMsfuo_xzULYdPnxhsBTpzXekqG6aRqDtlsmGc,RANKED_SOLO_5x5,PLATINUM,III,50
NIy21ACrY-tUVTpD7Efun0jMA-pXgeWTO1iqqYq0IL7jCCs,RANKED_SOLO_5x5,GOLD,II,50
Nsb9DwBKRs-qaimq33s7Ct-marPyIdR5stp3nIt6GdRuLyXmD4KIl-QQfg,RANKED_SOLO_5x5,GOLD,III,80
czEs2F-_sSy3yRObpcbIRqBGze4amADr7o2y6HsvRNOAjbg,RANKED_FLEX_SR,EMERALD,IV,91
OvU05J1uWfrRrwWokdjfCJKkwF25CFPSiIlL7_huu5oEDXM,RANKED_SOLO_5x5,GOLD,II,49
voxj-hNs5P4heMOfA0nY7fiv9oRrbCFKYFR9xI-KoyywXzDNVJFvM6l7LA,RANKED_SOLO_5x5,PLATINUM,I,1
UW5eQUsgF8Sg9BzqvQOv520jEjbVcQQxZHMAHlDPXDZh9rwjshyhf_aBqQ,RANKED_SOLO_5x5,PLATINUM,IV,38
QS4O_WHmsSdY25-iwKs1ZRUTCv6Ei_s4lPUkt6WL4tm3g_gH,RANKED_SOLO_5x5,PLATINUM,III,13
EIXA9aKXyW8lnKxVAHp0i-cw42fsP_pNRHnaZ0KjSZDWeEEHu9_yBhzvdw,RANKED_SOLO_5x5,PLATINUM,II,11
1JAro0U0rjvmjMUGXDE_FENHLv9Q94uNpv56zKuexRpNR9el,RANKED_SOLO_5x5,PLATINUM,II,98
fkMfRF5Wf-lFFsG1MKRI9eEueBOQbT6FKb1D-LDoDBMxnjQ,RANKED_SOLO_5x5,EMERALD,IV,89
erxTNRAkn984dMv3wAA1zM4S8094pin9rZlHuwjvwOv17Hs,RANKED_SOLO_5x5,PLATINUM,IV,72
Oypf37NPTKv3mFgThoVQafrDmWWLnMlz6nWr7r2H_7uMlmLoBCRFYUdB8w,RANKED_SOLO_5x5,PLATINUM,I,62
a-8p88Wi-JYWmVhqlW160Mjf56nCnRIMY5t9NlCWq747DyVy,RANKED_SOLO_5x5,PLATINUM,IV,99
o2r_oJw7rGmjOLOAIx6yvDP45pi8EhTunBpcV0vNvPvhrpXp,RANKED_SOLO_5x5,PLATINUM,II,69
c2jK6PBkMCH1N7G-RPytUVceqGvvau3ErqCA86fDn3gw7CI,RANKED_SOLO_5x5,PLATINUM,IV,50
zjETdj2WQAy3cj3yYFpRV9pQiIeiG3eN-sCXgtO30gCAjuYV,RANKED_SOLO_5x5,EMERALD,IV,0
KED3uiwiCfYDB1rhe9kIvTllXRtjVpovVar6SVWDGy-D5SOKT7g2jFnmBg,RANKED_SOLO_5x5,DIAMOND,I,40
cf8TjfvsRdrJ0gDXvLpOsSc6udOCknTVON49shEp2gTmYgIM8BaVea9HCg,RANKED_SOLO_5x5,DIAMOND,III,72
3pNw1tXVk05v-UJ85cI5jJYbFEYIj_K71J3NBjdWMl14dRI,RANKED_SOLO_5x5,DIAMOND,I,25
9BEg_6ZY5g0YQ02ga6L1GZXL_7u8crEzuWnTIh3rlcWx_xs,RANKED_SOLO_5x5,DIAMOND,I,77
wf8S4cH611X6B6FD5dKOcvYNsH10AI9ttzUHgRhXHk5IwW5yfX-kJa1uyQ,RANKED_SOLO_5x5,MASTER,I,157
oW2VTw9952QMsZfHdk2O26QhqgWtjZikFRZj1XRLDQQxPLuZSf6ONoVPDQ,RANKED_SOLO_5x5,MASTER,I,20
ULEKPgk-7H37FWjLrqgOxZo5oLve1qJEDr07wjXW5ucxsfkB,RANKED_SOLO_5x5,MASTER,I,22
Yt6asti5NbOax6Go5fd6v5iXvZgZi51EvilI_ASDA_4w8Jf_8W_P5dskOw,RANKED_SOLO_5x5,MASTER,I,18
_V4OBdkMJg3kNJnEcZiQccrEXCvXVCr9C3oaAp7aui55pXw,RANKED_SOLO_5x5,MASTER,I,33
aqY975_eZo3vjAHNcbVSc0qo7fL_4JQXrElKCZX3CAEu-VpG,RANKED_SOLO_5x5,DIAMOND,II,46
FJ9-WldILupVblg4KYebYVx-qU0myDA08OIuCB1vndi8-Bw,RANKED_SOLO_5x5,DIAMOND,I,32
Xk218prBD24IVzva7IPq8xUNdcFVc7ljeLudioy9etqXRvyhO7PxnXcyyQ,RANKED_SOLO_5x5,GRANDMASTER,I,215
DdV-qrftPehpYFiHuFg_dwhvu8HNu4YdGlJNA8PZipTA2Xo,RANKED_SOLO_5x5,DIAMOND,I,58
TQ85EKu-iQu6Z0b4l0ccRNXXRjiEQmyGwloJBVaE9IkA4oWgtjsPT4p38A,RANKED_SOLO_5x5,MASTER,I,0
IDKjktoQW33HGvQCEItfugi9Db52KTOUtivRCdGI1HcRBUFL,RANKED_SOLO_5x5,GRANDMASTER,I,202
5jhS9RVm3KNo2ADrMtaHWpIMzwdI0Pi0nbH5njPFqpf4MF3kyK-emmnbsQ,RANKED_SOLO_5x5,DIAMOND,I,74
H1FjPPsgoNVGRkQuWfQdP0WCjGSjHXzphVhUhlsKBxVrvpy6,RANKED_SOLO_5x5,MASTER,I,0
tg8AaepYDZdmBw19r-XfnvvAJpo8ckNT4RmfHpaqg_q5NZAMAqhMOLMJtw,RANKED_SOLO_5x5,CHALLENGER,I,654
mtXBL5aMtIMeFIxnLIeeaVufcExEeJOFoqRmpwKzdvp4rGh1,RANKED_SOLO_5x5,MASTER,I,78
9pQCxa58Rc2yrvftY5sqgbBu0hGGRisOlnSE9O-Cqw79JY8,RANKED_SOLO_5x5,MASTER,I,60
crMtIFuy3-5z2i89IjJPeH1nF0YCMH69oCyd84wMmyd5SnKSAo_6x3CjEw,RANKED_SOLO_5x5,IRON,III,91
52YvbJcIoMGiVIetFYCcBp5GQKtj9xhWE9E7_9-v6GAw3cY7iDp_IwDYqw,RANKED_SOLO_5x5,IRON,IV,33
gZcIBB-FgncBlhShmxRqYQaI7Gv7jr9mt6YGMXbTkzaym1m9pwE1h70krg,RANKED_SOLO_5x5,IRON,I,57
e9mBXpJBK0pJNancbeEf-hHvW4_MF-yr547YajnwjRRrsuWXMOFWH7l2bw,RANKED_SOLO_5x5,MASTER,I,110
E7TyL8Bs7xIp29G0NGiFGObiJyPckybOz7eEYz2Ts16cplWITGSvvb7n2A,RANKED_SOLO_5x5,MASTER,I,0
h7LkczBRaNzY64ss4Je1Wijmf1EYlGfAmHZbAPO-GvsYQcw,RANKED_SOLO_5x5,MASTER,I,23
ak8aziBuOSiF1b2N3YeJtJXklAkjdG1SzoEX5K9LMQ-1UpVSIEuQIvAupQ,RANKED_SOLO_5x5,MASTER,I,43
HKcUG1MJxLcGgJGm-AYLT6zxxgSYToQxkAt7ehSu30QUW8Vb,RANKED_SOLO_5x5,GRANDMASTER,I,227
-3in1IrW9TUHK7nZQbbLo_ZqFjkX3fV7JHdSiSKp5Flw2c0,RANKED_FLEX_SR,EMERALD,IV,32
MDYj4PreqTcwHNHzIhd4tL0E5mnhvNYm83ZO5ZLCo8tGOFQ,RANKED_SOLO_5x5,DIAMOND,II,15
5leL_4l14XxoBzL6JmUXRocOrzxBibvTUU7ITmU4lkllnrI,RANKED_SOLO_5x5,DIAMOND,II,90
cIP7b9FDXRi4azoo0SsieLd8eXBegT4bXTYpOIBLprb7FCI,RANKED_SOLO_5x5,MASTER,I,35
kq20p36oY0V7UlOadrsILvYeqDXgidknSNY9sXKB8xsCtvY,RANKED_SOLO_5x5,DIAMOND,III,89
h7V8Oojp537vC79Os007zuwe87jjRwi_8ulcJTffCIX-7JzkaHVFLPIETQ,RANKED_SOLO_5x5,EMERALD,II,59
fKR6YRj2JYxpTMrPOQW0_10SMl44WVaGqxf7i1mHARSqwBWySDvJQT3hiQ,RANKED_SOLO_5x5,GOLD,IV,48
WVM8lpkfWJy_B2UipHGgQse1Qz2DqEInjaXn1kYUyQ8PPoI,RANKED_SOLO_5x5,DIAMOND,IV,37
7KfuvIiO76qEvU2lEwd0B9wQiU2dSh_NqQITXaOfI7tqVZnT,RANKED_SOLO_5x5,EMERALD,III,32
SAa58EWv9N1jTOoa0N1uj3_pt_vuFce5rjPst8TXfhbylLUr,RANKED_SOLO_5x5,IRON,IV,87
ZSlUSEcvyg9YG-2aYmYxKrJw4_jQICLuMBtWpQzo5lF-Po4,RANKED_SOLO_5x5,GOLD,I,38
sYTXoLplj0YX3bKhbu0lTqARmAb_ZrT5nMnuUAe_bDkiFwuA,RANKED_SOLO_5x5,BRONZE,IV,0
EbPykpVS9tfVyWcO7GfJGYdoJXPs6GzD-6a32L2N9er78QY,RANKED_SOLO_5x5,BRONZE,II,78
49I7KSnc4Giq8KS70706c8g4tWBgT6kFk8KRIpDWUcSWSmYYzPIgp86kaw,RANKED_SOLO_5x5,IRON,IV,79
tpu4apa_tuYTM8lxEVXgrKMUvszoxVKnFK7uf07b4JnDLUqS,RANKED_SOLO_5x5,IRON,III,47
SH0Gy0bWhXyQgLwZF3Rrt0-TDkNpUZTCs99lBdA4rx_bPJk,RANKED_SOLO_5x5,PLATINUM,IV,54
4_pOkLkcf2hGnsbA-Dg-0yzYLcBAivOPB8OUcctLxVZy1mM,RANKED_SOLO_5x5,GOLD,III,22
4oeQLG-ydWkP115j5rImH6RHL0tnM7J49UN7PnZ5OqsBbvg,RANKED_FLEX_SR,EMERALD,IV,83
TF_35ZPQpXEHD43SWY0-2tMTpbAYgCTq7T6rk8ZhimW2l2Gs,RANKED_SOLO_5x5,PLATINUM,II,42
ijqbQ0pmv5pB-QFXrk8neXfCpNNTNADoge6pDbfGhcd3n6SK5ygl7RgBLA,RANKED_FLEX_SR,GOLD,III,87
MBGajmaCKtybGn61t2eKPJEu0eRDTO0XeUaSaHALTLzv_kI,RANKED_SOLO_5x5,GOLD,IV,44
fBo4wYKGtLkJ8he_dFAexxOEMhPcu8piymP95M1gjw3tWwPROqu4Ci2png,RANKED_SOLO_5x5,GOLD,I,67
vofevARr5yNBA_RjJit1QuRdZCL4u13smF0YN-IY9KBA14lA,RANKED_SOLO_5x5,GOLD,IV,33
APqLaprRKt5eRG2Aip66Jd2Msgpkyg193HQn7l0gjAu5cnbhtw85xCYgSw,RANKED_SOLO_5x5,IRON,IV,87
2C7_plpiQ0tS_bIDNGINK2C9Q6sfSPWhd0jajrf3O6V9WbvMJ_mab3nCxQ,RANKED_SOLO_5x5,IRON,IV,25
0gXB05goBkgVc7yHayduJRJ9p7BzZNXP0nM47UEFdSWg5XOJNdDfWT8guA,RANKED_SOLO_5x5,IRON,IV,25
UM5yAMHTCge3Cx-DuywOfmo8WTD3OP4PQa1RK7b92JPfFgncAVvSEvM3aw,RANKED_SOLO_5x5,IRON,II,82
Aa0ifTWIrtxw1HN3hKzUP2yZtyUoxKPeJrXMXc3arlL9XxHXVpXmygZtIg,RANKED_SOLO_5x5,IRON,III,64
CJ95v7SjVc9giHJbMpTYXHhoV4El0DM5vVQ_cvCpz9JqYw7HQW-7MolG6A,RANKED_FLEX_SR,IRON,II,39
Xczn0gB08ET1jEPiQ8iGOPhNM9p4YaAbyXwPybAJKN4iAxsb-RXmZKo-0Q,RANKED_SOLO_5x5,IRON,III,19
rmpuyww-tl9pj7bC7MKxEI5KXt83bjtY3R8tWC4N50G8GLh8,RANKED_SOLO_5x5,IRON,III,20
AEdqub18mZ6tYlwnrQAtcQdg6YLLxAA31VSHjE8GmJnjr4DQRjwoFbcw_Q,RANKED_SOLO_5x5,IRON,IV,0
ruHPJI0CenZwP2jzIiuGV-rw-YNxD2WnJotMaNfCIIZ-03Iw,RANKED_SOLO_5x5,IRON,II,79
A-tc_KV1KZyULLhXLI-D72qad5NdJOskjwt37qADkJfbfdac,RANKED_SOLO_5x5,SILVER,II,73
cXBz5G7tu7TCj9DsSlyTy1V199s1U85HLgG2L4mjj-v39AI,RANKED_SOLO_5x5,SILVER,III,84
DHGNk8tJwNUKksoK0whyszUzizO9xkghizXg7s28BpqDPH8,RANKED_SOLO_5x5,GOLD,IV,19
ItwX-3dGMQZDb22Qb_ODSmRUJwav33d6ZZCkdh4XhVNxRUo,RANKED_SOLO_5x5,PLATINUM,IV,0
JlpvE0Tv38AhIyRPqrAOipvp1EuCnfUzTFr_v-4Yns-yBQg,RANKED_FLEX_SR,SILVER,III,42
WQ5YEKkrbOPsAsC5nBTwb2thzFInPKzlDXvA2LDgCuEd,RANKED_SOLO_5x5,SILVER,II,66
ntgb6fP_n3DUxt3ShdgLcLnyDKAxWI1pMGjPOZZlT7DMq-Q,RANKED_SOLO_5x5,GOLD,III,93
1NCRj500_rWXZa2ekyPNZV287G5puU7kRgy0JrmsVc-DDRc,RANKED_SOLO_5x5,GOLD,II,14
IjKudcRuK9TbD0njoXHzYlxNNfHh0ZGZ6fDn1cLCjo3baJo,RANKED_SOLO_5x5,BRONZE,I,75
NI70kYmh3SJcJUmjfOgcl0oanN7svvFsbM-o9objZTWWddM,RANKED_SOLO_5x5,SILVER,I,40
b0onZShPTD2uA5hdLVqOX5Q5VCTzzHBOUIUnz0R4Eoz1tbs,RANKED_SOLO_5x5,MASTER,I,123
1SweTapqnOHelbK16tjs5bFZUaLAuduPEIergByGIhLFKqY8cWdZZD3jaw,RANKED_SOLO_5x5,DIAMOND,I,83
NNPjR0mMJZHFKtW-GDR6XTOxLPWqiNhLux06MvI0e9RoicU,RANKED_SOLO_5x5,DIAMOND,I,55
dskct0E-GvpeI5y2QFSvNCaeUpSjH3qhaK4Lv2KJFEOacyc,RANKED_SOLO_5x5,MASTER,I,19
w-k4dK3RQKzoeQbDIgMhFIS_thn2GC0g7kB_ZQpJdw6P9G8,RANKED_SOLO_5x5,MASTER,I,75
n0IFDqSWhBZ3TmTjG4LmmRmQ2mNnPG0_qrFSll9xMXGQlofpR1q7q5jOLw,RANKED_SOLO_5x5,DIAMOND,II,93
22fDG-BS9VINANpd13432DFnxcACg6RxXTxUZU5hQEYrcTTqqVDmqjEPFA,RANKED_FLEX_SR,DIAMOND,II,10
BOOgBkqqYOC6CZS-oWvDZaBEhjbSZh4Dj_piMFw8kgJKRIIFroEMXtnqlg,RANKED_SOLO_5x5,MASTER,I,176
t3gOggqUavJFfgHP2-2zq0KdC1uuU3r4jBu5FqAUmrljiEg,RANKED_SOLO_5x5,DIAMOND,III,30
x80zTaMhyeatGTL7NRJrReFj_sYIU_QUfADT2kl3xQb81EFgkK7mGbuFkA,RANKED_SOLO_5x5,SILVER,IV,0
2hpDZRdP6gP-3sUEYIyBhpdcai9dyc6ySDikzjDeKmc5XSVY5zNKR9S6TA,RANKED_SOLO_5x5,BRONZE,III,75
g7lK4_7BQrq4BLSVyNprjrW7v2eBPTnG4AkkHDO5-Azqh_eO,RANKED_SOLO_5x5,SILVER,IV,67
7vO-ShPJZl1BbNx2vc0yWEg7IwfMz68pQxSjCClvYoglU4KGuR5I964q9A,RANKED_SOLO_5x5,BRONZE,IV,49
rSRRdNtyihGpKX4PmPth74GD29bJq31Exm22hfF8OUoQtB4,RANKED_SOLO_5x5,IRON,I,35
KPqX3pbGKuRHBT2aO92pBNVZVld4VMlCRZCjZG1sfRzBMeLBuiwFJOzwVw,RANKED_SOLO_5x5,BRONZE,IV,45
QsFJLSESW7QCVv55KHT_M6zCKzAVeK4AJnn6Pyq4Wjk8wYpn9a3RFmriIw,RANKED_SOLO_5x5,BRONZE,III,91
uW8qtiBkpwRW7_EnAnADLjAwqE5SwwuRp-2lDasa7wqmCKYyCyXy0IDiXA,RANKED_SOLO_5x5,BRONZE,IV,41
GPXOhzCjFWxqeLBdGyqqHH8U7HWRD11d6pR37mRzKVgef1hh,RANKED_SOLO_5x5,BRONZE,IV,0
lguIWgE-YqGODjkkQfX1pDOULDPBqbMPV08R6TxcvZs96luU,RANKED_SOLO_5x5,SILVER,IV,0
be8-WKOSZFRektzX-jqKz69fqG_OAMQvRwO6q3JstuEowMQ,RANKED_SOLO_5x5,SILVER,IV,96
QGTyB8N9YTdh0AjWWoFxg4DQVnUHw-JmwauHKaPUzSep4q03RL4sTPiXzg,RANKED_SOLO_5x5,SILVER,II,72
b3ULxXCYiGkKM7mmMx9o_R5MA9BFZ0GHJ2CQBv3sUYbfabXd,RANKED_SOLO_5x5,GOLD,IV,91
xQRTsXYnWb8DWj3mZvp4-cG3Y5qO8jOZylOi030G6YwyMbXgUOjfTssBxw,RANKED_SOLO_5x5,SILVER,III,62
Hqqapa8SF1QFsXzNmXDgBfZLZVotUiiU-d5KMPN0tFkov1NR,RANKED_SOLO_5x5,SILVER,II,71
PeTyq9GiwhhqCYGpR4a9UqRidZ50Y6jiEJatnXjedm4tDPM,RANKED_FLEX_SR,GOLD,IV,23
CosOXhGYGo9DLt3G9yA1da8_ca7wfZi7lfjFKUnwgBaq-j6mjUjNTx4v_w,RANKED_SOLO_5x5,SILVER,III,62
YvpCMW5V2gqYXHfV1oDYfmyfqAgKQDiJcd9i9xRxqOu5bkE,RANKED_SOLO_5x5,SILVER,III,86
_TpUxUtLWLRLos7nsD3TS7XZdccp_fZOnj_-NqTaYkUMcepx,RANKED_SOLO_5x5,PLATINUM,II,70
uW0FmbAdIxat4GFXmqJLVfHyDtDSdmEPDWGX8Hlsm6mA7LR5dtLvfACvRA,RANKED_SOLO_5x5,PLATINUM,I,25
WGtS6c_OguBpdZG1Pqw0Qc0gbv0hGsNxerOgzySFB7M2Iu0,RANKED_SOLO_5x5,EMERALD,IV,22
md9dJFAGmXOjHEt1b3-D_tNOi5xkmwhFN4w5eDhQhjwyKrLMCzW_WETH9w,RANKED_SOLO_5x5,EMERALD,III,55
QK962GFL1WpSxrMbhTVGYXDToB1bsX-6uRNDckxLY7ngW7w,RANKED_SOLO_5x5,SILVER,I,27
pIJZ-9bq3fZiH2C8cN-SXqEQmQOQRQlyRHltxzxH0eGHmN-Q,RANKED_SOLO_5x5,GOLD,III,23
l2sjdq1tUQe4_CwiJAaowjupmmGQeRS9GXzW5VCilQNf-cMy,RANKED_SOLO_5x5,BRONZE,IV,73
-6Sc2CfHRM23l1RitNGMGhIpqP3vhCSz__BuQydd5mAPJfw,RANKED_SOLO_5x5,SILVER,II,11
mPXjHE9Qnn168y7nWI8q4LtaSTzjMRYV2AFPiPF-0alNAbw,RANKED_SOLO_5x5,SILVER,I,50
UYCs526XvYx62jqkHvuSwgb3a7HiM1GtSJ0OXVpQnqDa8EUzXosFfihgiQ,RANKED_FLEX_SR,SILVER,IV,0
yq8Br8CVLajRm_BLKaAlw7igSxVM3CR8yha1ZVNirfvLDCI,RANKED_SOLO_5x5,SILVER,III,13
iJ2yY5nC5WI-pmlqG-YKT-D9UxIKt-vgr-s9iGrVBWjKeMU,RANKED_SOLO_5x5,SILVER,III,98
30E6-fIZTjlWUC0_ZQK3etwGJphDHEY17V_i72GiJ9dPXzo,RANKED_SOLO_5x5,PLATINUM,IV,69
eQSY82hZ8mwyAr0VpSda5XJAebmRjFJm_5VQZrX7F7LC6X3IdkJQe95EGw,RANKED_SOLO_5x5,PLATINUM,IV,0
ZHfcnOx9P_hxw4YyrXZwLiiYpdQ6izNAWEce8kzkkkKlZAY,RANKED_SOLO_5x5,PLATINUM,III,1
xDkF6b5m11aHOE__QOjIB-Tylu1-cX4Fr1Ax1_oEfxrgVrkJ,RANKED_SOLO_5x5,EMERALD,IV,6
zK7UJ6cjxXdkxRKu94vYNloj172Zn0PfIplgP6EfCuvb28k,RANKED_SOLO_5x5,EMERALD,IV,39
_KsUR5L8AXtEVJQdvvAo9c6Gie2NPM8WyzDQKEwQs-T1tGIM,RANKED_SOLO_5x5,PLATINUM,III,17
Xxbb-G8yXKeLk6TngRm3fTzrjLANbZNJu_6IuURQoSvRNpynkWadmTZ3fA,RANKED_SOLO_5x5,GOLD,II,16
zlHk3v22Oz3IzHe97K--_0f2xVOMQxCw3K01y4522EITCbI,RANKED_SOLO_5x5,PLATINUM,III,30
6DHUmcRpdxuXak_3XY47ieYRKptC_2kVeZxPeLkmUaIeDQXV4B1_Fn8POA,RANKED_FLEX_SR,PLATINUM,III,19
4pNdDFT-A7jX9Yf8uqrnyjMu8dEdyQp9fsgxD9KAenEysq-Z,RANKED_SOLO_5x5,PLATINUM,IV,75
lI9cw8V04f46RC1BzKr0FWT_CjO5-pfYxW6GkTE7s1oFcwN0,RANKED_SOLO_5x5,MASTER,I,15
usdAwq8xHSbZzgtPBX7nZXIUK8hvsw-adLxbLZB6uZcjmiJM,RANKED_FLEX_SR,EMERALD,III,33
X2-kODP54ZMZshP7LB1hehGtXtf4FAixlsJ0MQ4yQLQRROvj,RANKED_SOLO_5x5,DIAMOND,III,44
A6vzMcM-A9C5goeDxAhIVdbs0bwzQork43LpSIak2WhWa82OA5EmQicYcA,RANKED_SOLO_5x5,DIAMOND,II,81
dKEaDS9xwaLTYxOYyMCWUnWVaUtARtCbQFdAEiD5AxKLPIQ,RANKED_SOLO_5x5,DIAMOND,I,49
vq3W1DGXhDPv1F42c1iC6khSQWFALHm9vZKFSNXWNeif_r0pVqTrYcv60Q,RANKED_SOLO_5x5,DIAMOND,I,38
V2pJimccd9kTWdOpyKlIEsD8DoyH7vkpGyY-M3byVEYD4ZQ,RANKED_SOLO_5x5,DIAMOND,II,94
jY2a3YUcTfyC5dRhuMAllEMwjGbEWtjDQw8LtF_zjT0bhkp9i56_BwQjZg,RANKED_SOLO_5x5,MASTER,I,0
jUSxuwNvNhqArL0lpMX8BTOQWc8NTWylJSNJkPbODLd6PAE,RANKED_SOLO_5x5,MASTER,I,77
tw028b7EY9DWUMJOzRRxfApCeRY6hf_P_gifsrYOPulSbV0qNqBMbuUlsg,RANKED_SOLO_5x5,DIAMOND,II,26
9wDP1tRVUOLvgRdbS4l2076jxhe6vnpZALCMFOhoZS4cehJvg5EVj-7L4w,RANKED_SOLO_5x5,PLATINUM,II,96
FjCOkRez75sXNaLPz4PmWyd3-E66ByJvSh4bcbzde4Z78AE,RANKED_SOLO_5x5,PLATINUM,III,42
W6P7BvmJVNTHCcR6Qa1F4KZH1KJBoAXJGoH3Qcs0FsUjtccD,RANKED_SOLO_5x5,PLATINUM,I,5
Ytln4rAOOe4snYMyx0Age6nL-MUSpxNYiQNc6CdVRCUZzzB0,RANKED_FLEX_SR,GOLD,IV,44
y-hdysb-ZpkX32-ALvePsJMWtB8Q0HzaOZJfdx89fq8GQPVr_iJ-bURH_g,RANKED_SOLO_5x5,GOLD,II,35
DCR1KYQbg1BxNlq6wMAePwrQ8hYTUTPK04dqnodYopc_i54,RANKED_FLEX_SR,PLATINUM,IV,91
_pIHnTLJIxfvsa0JQYPmsX8kv21vH0QBwsocOYpp3JDZ0hxpOGyyzzUepQ,RANKED_SOLO_5x5,PLATINUM,IV,18
ld6emlrKh-oDBF5gkmY9xAzHaoLvscEl5RPxEjk-wtP0FsRHGD8KtXYTVw,RANKED_SOLO_5x5,PLATINUM,IV,36
-yPH6eljPEKZElJVMWq3hcfjrWnpvzFOMWwYPUNGk1Cg9vQ,RANKED_SOLO_5x5,GOLD,I,75
tMQPaSYbO7cj-tczMu8JRQ10VCKlBfeowI2gbVRfRcsXdFkk,RANKED_FLEX_SR,EMERALD,IV,42
7O2TlQsj5KFoWuZC8yz9F9_TuWkfwk9KAf_Hk0Qh-ahX8m2u,RANKED_SOLO_5x5,MASTER,I,60
Y0aXOhYSH4eqalPkwFZ2Tlc0fdIz8wmUE6X6wXnKW4-ik-s,RANKED_SOLO_5x5,DIAMOND,I,89
u7_5NRwSsgEMaROCQRZBJzitKhLhlDcSWJYycZJ7Fka3xwYG45TYg2U1Kg,RANKED_SOLO_5x5,DIAMOND,II,75
yGvbxzp7QMUal2FvIOiSi6qWICoNnKjzkw3AkbuhrWPSUZsF9qr6n-WGYg,RANKED_SOLO_5x5,GRANDMASTER,I,378
0HItkeRRQXUiX4yFA7xqaXxXmxOsqYhDDgdZ31XoZjkGkPQ,RANKED_SOLO_5x5,GRANDMASTER,I,351
cNz_-dl2uJQoerdKExLoeC5TODO9Pbzi0Qa2_a2tmaUm77U,RANKED_SOLO_5x5,DIAMOND,II,54
CZEcFkLLAUgSj_vKt7dY1L-CvwvF9NbTlo3YZVQ-4T3wShMYpCL04Zj1FQ,RANKED_SOLO_5x5,MASTER,I,229
iydg0nhMmKv0AUnI7GkceXUY1bdAZ2d9WpsCUFYAQneFdWC-CiML0UWTVw,RANKED_SOLO_5x5,GRANDMASTER,I,255
THx6v-o8_RqGnirkR8c3GPbhxmc9O0JbE828Ukhh-be0l9g,RANKED_SOLO_5x5,DIAMOND,II,57
7gjs1TO-Ga0XN9tcjsDGE1ofxTCdHQh4lphJrqgzUu2IcCE,RANKED_SOLO_5x5,DIAMOND,I,35
gQh-D7_UlsAWt5IzKaLaZXXzImGs6BVAzFDtv4tzn5s5bcw,RANKED_SOLO_5x5,SILVER,II,92
4sUMiNyQyfDRa7IVxO5xZ5RwVGqZSGEib_dk7Lm9iZdPc08,RANKED_SOLO_5x5,GOLD,IV,75
y5ddGzHZvN-4MvhUseL7ZwR7s1zd0G_j5TS-910TaBirFtUL,RANKED_SOLO_5x5,GOLD,III,47
c7OhzsTQxownzfu0RiAM-MPSOyk7uHRIFfTlfaBhtNAUwdDWjqasNGn_Jw,RANKED_SOLO_5x5,SILVER,I,96
Ux1gS7H_bVRBLnTqVMAmyhqNz6iRd0deC5p9MoPxFBn46Zw,RANKED_SOLO_5x5,SILVER,I,15
55F9ptgifMOhLoxyu_CiqUjvIfZA7QtgJnhVn4vubbIO8E7Pqj2g36ODEQ,RANKED_SOLO_5x5,SILVER,III,73
6IeKCerXNqA6C1EhYzkX0p_p0cyPcl1LTc0rPGfRcdelAUQ,RANKED_SOLO_5x5,GOLD,IV,72
BHFqzjNivZeCHZz9cGUKRaJJCfHTr0aJiydxUWyh_LptF1M,RANKED_SOLO_5x5,SILVER,II,81
albJGy33cYMm4ZK6SmKO-Xk3dEgw53LESx9W5yKparKTq8Iw,RANKED_SOLO_5x5,GOLD,IV,77
npA8icCgra6wA7WngI-hHqSNZERGZKyXoxjBhcySp8yqhN2sfDcucdtFQw,RANKED_SOLO_5x5,SILVER,III,11
e4ppu6Kem2fq_4yzpUlFtAWP6SoTdQRs3l-ZGJE3oFJDLJU,RANKED_SOLO_5x5,GOLD,III,99
MvtiPvRaiQ_Hop-yO_fX16tO1jj_OJogolA7SbYv_u6Hz9s,RANKED_SOLO_5x5,SILVER,III,32
K0pHsSPHX81G40EDjSn5jkYJDfmNBQTlmSAxXiegPVOTstG72YYcSd1O3w,RANKED_SOLO_5x5,GOLD,IV,40
RbT87DlB65322eWXJOEU4zKkm97-8Bg819oeUqKH062EFGh57ND7orMhlg,RANKED_SOLO_5x5,SILVER,II,5
etmfZThTf-5eeldQjUOifOV5sKNbxIr5NvTTD5CYl3rMJ7Xe8J5r7VA51w,RANKED_SOLO_5x5,BRONZE,I,59
2W0LEuKhuq0CB3xzMiA5vdxUW_Bbn_58bo9Bwb7cCK6VhKg,RANKED_SOLO_5x5,SILVER,III,44
vBs_stgWxQp8mn5pmN1JBZ4IION6XKE2Xqg0xmOUeeyPDHw,RANKED_SOLO_5x5,SILVER,IV,51
jMJL3Io5ujkaKZNQBABmnA-UH-EmKIUuskGZMrVFTJ-448A,RANKED_SOLO_5x5,BRONZE,II,42
TdZQCrQJ6qtutX1uRij6K9sWw8hM9VWGKe5rns5LC86BCwK0,RANKED_SOLO_5x5,SILVER,III,72
KNsb2CvQ-wKgn-LYJk8O6PyaAwlvwlXq7HZefhG5VSxg6dzB7JbyJfNuCQ,RANKED_SOLO_5x5,GOLD,III,40
gC-ov4Fsv5XBnxMlKMK0ie8l9j7l8MBX4kTCmy3D1OEikZs,RANKED_SOLO_5x5,PLATINUM,IV,56
UtkKG6o2PZMpu0wm6huRglqGpWR6-Mfd6UxGn4_z-7ejy1I,RANKED_FLEX_SR,PLATINUM,II,29
wMFRifQiIhO2WBsTtsQAvHMYq-0wW5ucYl_Zv_PkphdVl9k,RANKED_SOLO_5x5,EMERALD,II,61
QJA-1ZlyAuAUV0IJvuO1InY9_acu-cC-PGCo4YmEIHf_d0Q,RANKED_SOLO_5x5,GOLD,III,77
VqTgeUkprdZQqNbGxF_Pp1ZSuBeXSIjfO6cx-A6eRLgim0OodowjBs9ZPQ,RANKED_SOLO_5x5,GOLD,I,6
VSsGWMWOXwqHiZlKfhP175FeWK9YSrgMH6AvSmdOdYZN4PU5iiH5w2OZFg,RANKED_SOLO_5x5,PLATINUM,IV,32
OAXh_29HaFT6IDE5BsDFNa9nJD0Ty5Wuds3ode2e59hwZyk,RANKED_SOLO_5x5,SILVER,I,74
dGdGpN3yZtlJtYjvf1b3htyHBA-ASntfEdbP8LWGFLFvvP2l,RANKED_SOLO_5x5,GOLD,IV,80
gDtPkthCri2lMCnK0-5S3tJ6d_LxRTlWV9V_YRW-4pFrk3Q,RANKED_SOLO_5x5,SILVER,II,60
okFzpL4Aj3eXyxLPgmnevziVIOBL_8CKj1ru-stDrE_l3_I,RANKED_SOLO_5x5,GOLD,I,26
2iPdtRJFK4diGUEbKrcHdxrRwmBeCLkdkzYR2DAVWkFihT0,RANKED_SOLO_5x5,GOLD,IV,24
2OpG4vww7NzqFJG4S_orj9RH0MCudhI8gZONDP9Kl0Gt60I,RANKED_SOLO_5x5,GOLD,III,69
VPRBeG2qSlKjMa75i7Ew02CbTRTeQb8MuKF4kcPDayYi52DZ,RANKED_SOLO_5x5,SILVER,II,45
EHslRnKQY22J7Cdk9arFprd42SG7cqbx15S0BzvVGkMKoTREwZkiP16pqA,RANKED_SOLO_5x5,GOLD,IV,27
JvU0LMVV78QopFf0L_1dIHo4mG30ZKVthzvJNCCkmJMDksRq,RANKED_SOLO_5x5,SILVER,I,12
uLLqvaug2HfNrS2E7uaqg2SlcGYDfEPcdjFOpRaSOHCD-2sgrWS2eO99VQ,RANKED_SOLO_5x5,GOLD,IV,22
ZDnYVtBAFvEvSVmzuZ0zJQg1mLKCWu7eAodTXfh54Ebw7isU,RANKED_SOLO_5x5,EMERALD,II,9
mwGcaiaFKFaUIQLHQlLPYpiVxBQeiWG0bBBSI8GhnVV_erg,RANKED_SOLO_5x5,EMERALD,II,49
3mZao4uSJcLbHBEtEkiosIKZ0QCS5_2Vc29qcXyhg-cZ1ms,RANKED_FLEX_SR,EMERALD,III,47
SUVcHqCQ-mz3GaapjhzSE3LneFZuGtQHdod0cRLtvwhkvs_6zKesGk-Giw,RANKED_SOLO_5x5,EMERALD,III,34
RWSCUJw5N6y910gbI_YIeTck0qRvG4vRNMuiL3e7kqMn-4s,RANKED_SOLO_5x5,EMERALD,II,8
LFq13wKeS-086Pd_H52rcwP8im8fCfRE8oggBvG71VEMpfI,RANKED_FLEX_SR,DIAMOND,III,8
4xRO3L5xZIl7c8CXrqaF7ehh1MEv01lMCr8Q_Lf2Qi3nYBX8,RANKED_SOLO_5x5,EMERALD,II,6
j5uHCJ_k0D7vXFrBWJ36xWeK9rUnDIg6-nDuDy7j1HtLux3-RLvuPzdiOA,RANKED_SOLO_5x5,EMERALD,II,6
QmDm1fWWokhXK80A9GxzWqPSX8nO4S-POoVA056yUC0gqK8N,RANKED_SOLO_5x5,EMERALD,IV,34
ov0PxONXcYGLWxvlOWfl1SR-7cd-KfxcjJZaMnWpWNAwrRDg9A0OlZm5og,RANKED_SOLO_5x5,EMERALD,IV,70
Bh39C-9Ks0_fkZXih1yuQbxkLdwTyQbaahVkHCoast3Hr8ScFxVNhKWvWA,RANKED_SOLO_5x5,GOLD,II,98
n3PQyrNfUf4JXIJIgOxbqDKXu-dV6q9q72JEt6khb0enkevyK1FBL4XHiQ,RANKED_SOLO_5x5,SILVER,II,65
4RX1-_lBjbnhNCBEvJh1GvD_Gf8TySZ_VFarRvQyzx55rwr5,RANKED_SOLO_5x5,IRON,II,93
Sb4JLJcgG-eTcBjq4O48V6pLsDhsvkTEwMSIwuLk3x0P1o7xQtQ_iiLBww,RANKED_SOLO_5x5,BRONZE,IV,95
SlhZdvsV9Dhjk_Jqw9jYZLuzDv3_NydW1U5SaNo5aaXTokYuGbdS-vOGMQ,RANKED_SOLO_5x5,BRONZE,IV,51
ggc2JOrV3omUqgPflWuhmevpQBm56fy820gavMf0EuKFmRnAh0sgyw3j0g,RANKED_SOLO_5x5,BRONZE,I,29
HjUc-ECezvEQnMYq2DeQ3WsOM4xpdRvK7tG2jQxEhqPVf35v8VikwQpavQ,RANKED_SOLO_5x5,IRON,I,16
vNbdbBYg9zkL4_iy7Dnwh1KAR2FBtCCs5SDLbEbe3-KGCyUPJHpKurA6RQ,RANKED_SOLO_5x5,BRONZE,IV,0
e4sel0OymPrqZPTIOcHy3iGntCEJSD4rjmG3mqyJWiLIvJrpNWbL5cfjew,RANKED_SOLO_5x5,BRONZE,IV,71
ve7GOszyz9iAAN1248QCECEDbvnLPMe9vHAceS5toZJ73gSLcmhy3hMtaw,RANKED_SOLO_5x5,BRONZE,IV,0
Q0QOm76tuZe1Tm0B0HJ3In4XtMhGg0pmfL69cqeFMrYkpPA,RANKED_SOLO_5x5,BRONZE,IV,64
qHmC9THYgKdlDDPKAp_L8VHjvs-Zsn7sXf_I77CrjIx_1iYTVgh9G5f20w,RANKED_SOLO_5x5,IRON,III,58
4E7mOYpreYlV1r7_goj0LIpZXyGbWhWZ23QcqzGu7iGXEgKNAfD5Pu8qUg,RANKED_SOLO_5x5,BRONZE,I,47
usSDswZzq_BsHF40vAx76HIvNsPU-2W1p1okctNZCO1XHCJTBng463512A,RANKED_FLEX_SR,IRON,I,72
4ZptqqkG2oCzeivr-aHUaXoAs_F_nH32oybV-srrw0hdpGSh8kYTYfO56Q,RANKED_SOLO_5x5,BRONZE,III,74
qIEHtvVBskRnwkP-XU3E9bz1FHpfBuO1irj7R1Fuks4fSCbiDPgePHHEUg,RANKED_FLEX_SR,IRON,I,43
qkdZptmgxzeFnHmIxtISBScvccPesomZgzHQvHvpEo4ml3w,RANKED_SOLO_5x5,BRONZE,I,18
e46-KhcOjRtEVBu0_5Cft0io0fsYYfLSpnnEklF_eOqMiTlns_DJph2GAA,RANKED_SOLO_5x5,BRONZE,IV,23
UvJaJeCkYPWDN7j1T0Z6PsWDuo13UvDNOGFDSNdTYkK7guI,RANKED_SOLO_5x5,BRONZE,II,86
2vLk5c0Rv3DoCpLVwVGvpbqWR6PxAQPoRuBwnDtz0jGTGTXc,RANKED_SOLO_5x5,BRONZE,II,18
oL077oL8IGZmMah1MDnuYZ_VSfr1armAQkyv30UpgnUXY-o,RANKED_SOLO_5x5,GOLD,IV,67
GnG47M89zrMSKhELwZntrzc1jmA53AhH2tCvnIgKcRsShi4,RANKED_SOLO_5x5,SILVER,IV,22
8a5eM4OKzAhSqZheeaypoGCt0JpNBLGcKLCGmNZNeHQxuTtg,RANKED_SOLO_5x5,GOLD,IV,43
JT6o-ExBSGTmkJ8TuS_Jp0iJVjHBncnVV3AwUcop_Cv975g,RANKED_SOLO_5x5,PLATINUM,III,77
O8ILMRzGxMnJ-XYJ3iMqbiaJNpFZWAXZ2RzmOTeSiXfV1j8_,RANKED_SOLO_5x5,SILVER,II,54
GTb45GGLy8dD1CB4odhWJFJrHuwKhDgT5rA_vv36gZdlm39uQAjwqeHXiQ,RANKED_SOLO_5x5,SILVER,II,58
UrUKMRNSTpTZlitEISgO1MFEQFRtksKEWG4mKamWYymwxjlD,RANKED_SOLO_5x5,GOLD,IV,33
5ODd6MwwgPfROkYb3b62jAqs-6u0R7GSyuRLe5c0-q1wGINt606KU2hPDQ,RANKED_SOLO_5x5,GOLD,II,6
HXUnOtcR1OhcLXK6zF6peoraO-aMpneDnFCtFuLKicshPI8,RANKED_SOLO_5x5,MASTER,I,0
TOH9Pgo8dWQP7mRS2bFDEhl5C8_9Co69OSR4nQoc5PfHCmB1mLakxBO3RA,RANKED_SOLO_5x5,DIAMOND,I,13
rdrNpFgdCwRipEr-2PpDTBvth28PzNJcp8T61M0rBQ8QV6bEY_BCCDQS3A,RANKED_SOLO_5x5,DIAMOND,III,41
0KWvdIVXTF8vzW5NUNGtHJjtnVFUrjIDLupnD-wUUbLu5Ds,RANKED_SOLO_5x5,DIAMOND,II,70
pX1u6vHHbeWFM_b0QjIDTnb9PYfSnAuhsqe8zfF5y_EYwFM,RANKED_SOLO_5x5,DIAMOND,I,35
jGDb3P8DRDURmqH7RPMxH2FA79E1Hf21D0E00fQVVPplyHg,RANKED_FLEX_SR,DIAMOND,II,17
4X2-TsJ7G5jWCd8JbuNA3zOqYiRN9bQyEk47t2-kc0CIaSs,RANKED_SOLO_5x5,MASTER,I,109
SvvUmYaGVodPQjj1Y9KKLxTeRz4tE8TCLWGAClRO0j0bj1s,RANKED_SOLO_5x5,DIAMOND,II,43
D-UNTNCxF0AnXb91VkwdDMmQCvbWUsmpf3dRzD8isAoUSDQCe7ynHkGVjQ,RANKED_SOLO_5x5,DIAMOND,III,6
OqXp6f9m2MA5KP6JuxEHQTRC7C6I-EQ13kZwkmCFLYoL_0NqCeor8tGGfA,RANKED_SOLO_5x5,DIAMOND,I,15
WSqnZczf9XaBc068U2-EkPmnpPNchLun-YwCfj1ByXKrlv5_3f1pA4hFqg,RANKED_FLEX_SR,DIAMOND,III,4
MDDzAnX-hryWwjF-2snQj0JzAQCvroGItksyEDMvh8inq_49,RANKED_SOLO_5x5,GOLD,IV,94
0WNx9m2ToVBPJxzojzlx532NtVfwXuC4tWsBGd2qsVP28Uk,RANKED_FLEX_SR,EMERALD,III,19
EKgPfdg1HG5lUNQf3JCO-4X_kkND-R8CtJ-NM-SdFPqQm9w,RANKED_FLEX_SR,DIAMOND,III,22
8xvRVpyES3JDMlFhVOEnrQFp20j8pPLeLiGYB_bqMwLCPC3v,RANKED_SOLO_5x5,PLATINUM,III,86
M036wjNIxlAPvSdMTW73evY3NtGHGau4vsf-2VdE0P4D1eHR,RANKED_FLEX_SR,PLATINUM,III,36
PIQbwKHcDu_gUBWWxpahA4Nsi0JywBK9CiZgBt6ps5DdChseLp3opiozyA,RANKED_SOLO_5x5,DIAMOND,II,63
7xIeIfxmtg2fbY141AMTATLaa4L7_I3ZSTaMscVWNqFCwwTD,RANKED_SOLO_5x5,GOLD,III,0
fMKJXXKYNJHE86EvSy9Guxzli3JVwuiW4pksQbAyFfKLAvIm,RANKED_SOLO_5x5,PLATINUM,I,16
jxidosXhkXn-ao-fvVRmAhz5Aq3J1d6tIX53akhSZDgodWecjPWBm6UqPw,RANKED_FLEX_SR,DIAMOND,IV,51
ucyEXHhB_NH2MXQDiLBEt6sWIT-QhBwDL2ONk6Y3aXRWJEBO,RANKED_SOLO_5x5,PLATINUM,IV,94
-UIW4jDC18cHbYNfFrZpKHyNaKN0HnyxzuI-ULBA7PefTuc,RANKED_SOLO_5x5,GOLD,IV,0
ysHfgN9k-9D2JbcZDUdgLrWcDOSYph7j43aG7tyqfPsjk_g,RANKED_FLEX_SR,GOLD,I,72
aZlsRfRY64GYgRCoHFouq5qWjp3l1MHIYr0QpmIsLEmZzmzQ,RANKED_FLEX_SR,GOLD,IV,19
BOQd7CqHWwWBjVIXns018k1FQhFCx0vd_LNRMYUfEjxNi40,RANKED_SOLO_5x5,GOLD,IV,76
3k3ODP4mRE103wMpbzcY-yo7LgSmsk4doXayU7V-apPb62EY,RANKED_SOLO_5x5,PLATINUM,III,39
Z-oX_pWHPihGzGCAGES5wRvNltuZo7w2YartDjlqD39Dr80,RANKED_SOLO_5x5,SILVER,III,62
UXha7a8vV5v2jberwK61FVwwsjQ1rwiXGUpUBd3OQjsUQA3FpoIF7zKtcg,RANKED_FLEX_SR,BRONZE,II,66
WPx8uTMTAXeW3RPnhmw40t995BWuwB7PM09kCHxFY0OtpZw,RANKED_SOLO_5x5,BRONZE,I,21
qJLop5yanfgd8Dk47P3hT1-AszOdOcJaByFi7waFDbNB9bulTULz5aYLPQ,RANKED_SOLO_5x5,BRONZE,II,58
5lDwEKDqdLaWxO__G0DKG-L87CVGWETgmnJn2Lo9Kwyoqzs,RANKED_SOLO_5x5,SILVER,III,58
DHCfU9xP-Hy7olWho4k8FH814gSnMcSkHvQxBXsUXrdX_D1fJSccYFsOgg,RANKED_SOLO_5x5,SILVER,III,7
V5ktPyKxYSaFL_dmbnm6Osfz_CwBhSrDcR5386z-HBA6WzP-,RANKED_FLEX_SR,EMERALD,II,16
chxXPB2lvKSWXzYb3eDf5jS2-2jqsrCYUQRohAPebqCcCBY,RANKED_FLEX_SR,EMERALD,III,92
rZR-iTMf2FUcnMIjfI3vjaObhvsc009hUONivMofCorvXB0,RANKED_FLEX_SR,EMERALD,I,0
PdfDYafIy1SaHn7zyQ6J17iCBBHh25Gs_yfbfv49dYRJOBw,RANKED_FLEX_SR,EMERALD,IV,81
AS0vuBQskIMpzMyeuUj_cw9VKplAC1-QBnXG13i-CdoaBD34,RANKED_SOLO_5x5,EMERALD,III,16
xhz_PC_VspKxkXEW2GVGRF84vai5MfS8m8tP2ul71vkLUNg,RANKED_FLEX_SR,IRON,I,16
BmHxRMeOQzohg7ex3fIbL7xhQjPi-zR-DZQMv2ysDcAVdcs9,RANKED_FLEX_SR,DIAMOND,II,88
rrXT8vNh_4fnwVQJZSvrYL8_n2oCayAlwAHa2YWfmpytcX8,RANKED_FLEX_SR,EMERALD,I,1
5Bd2PKBj_NZGHayiIDKh1L1mhEqO2EGP5DDTlznwDu5AakE,RANKED_SOLO_5x5,EMERALD,IV,89
OuN0dRJdStVS1Ut6zzF7zI2WRIypSnsQgfbKFSV5JcMouPY,RANKED_SOLO_5x5,PLATINUM,IV,77
0sTKk8Fdiqlpd40Bpbc8M6PFkyXMGSFBsW5YAuTNPXJVNxY,RANKED_SOLO_5x5,GOLD,III,62
Sk8j4oFTI62exDv3-ksz4ArW7pEkh7zlDm-ykT_gN1paCUw,RANKED_FLEX_SR,EMERALD,II,1
9VcUEKHMlh6HGSPp-BXJLBJ3ho4FbNNvZy9vihjuxSjFnP6yW9BNG1RSiw,RANKED_SOLO_5x5,GOLD,II,63
F4RRB386l_Vn7FqZZi54-fnIfgCKfes146cMjR5WuPi4VUk,RANKED_FLEX_SR,SILVER,I,85
fW2HPYaaLOFKkXub1VjviF-KyXcjWxrbSnr5Vg7dZjVDmoY,RANKED_SOLO_5x5,GOLD,III,71
7wtk9ppWMzSWlgWrRlPv2JA6g3QRMqkl1JaICAWD9t3T1Gp-sdOHR5jKeQ,RANKED_FLEX_SR,DIAMOND,IV,34
XE_V27iGEXhGj7d0Jns1MbS5oNZiaP-LSlBK2CJrIRY8KOE,RANKED_SOLO_5x5,GOLD,II,75
OJqxWcqBGFKOPo03sFu3VvkIOgLleVXCivvBpK0Nuir5lg8,RANKED_SOLO_5x5,PLATINUM,II,92
WJmES3b4a1uD_CHKv-SYYT3CntNGCsF2XWqxeLHVVU8TrPc,RANKED_SOLO_5x5,GOLD,IV,47
tsmBoXJN9fm0nu6F5gcuOYh7xHUNwZN14WZ73wXRm6vw58d0ZlEtFuXVkQ,RANKED_SOLO_5x5,BRONZE,III,4
X0KQiIzl93AzskCgMqIHymNagJyT4i6suEiXG6P-jZXl4UI,RANKED_SOLO_5x5,IRON,II,1
We0uWz6ZyDP3uWU8uF7HiVQm0-qV64JJc8jlpUFWEcTAFNZ7,RANKED_SOLO_5x5,BRONZE,IV,11
dmIlOe4A3z00-WsIvirAI08KlZ46p-MdXAN1FEpYNVDODCM,RANKED_SOLO_5x5,BRONZE,III,88
7g_a18KzLZ74r8clZinku3Cpu6-tIpf43fCjk9Sex_TFXT5pX8c9hD2MwQ,RANKED_SOLO_5x5,BRONZE,IV,40
aP6JW8s2k2D4Rk3vF-xH95xbSNMkRcxEPyWKclp31XIw1cRWouT4jwRdUQ,RANKED_SOLO_5x5,IRON,II,60
4tyGdPfVB80WQ9DxUtMUe8TxBLbwV1yidcKVYigypWv4ltqqqWPtnAYabQ,RANKED_SOLO_5x5,BRONZE,IV,80
w8UspLUGWPDzHG7ylOK3Ji9bvFv1_TCdMo8hOxPrecE97x8,RANKED_SOLO_5x5,IRON,II,93
8-SHVF2X6Idqp_gkjrXIGzt6xyki_H1Elk1aFXBROAWxgg4,RANKED_SOLO_5x5,BRONZE,IV,67
cGUvcq4zRk_6NRxGtGWMDcznHCsAfGXUwJeSQOIYwESGCwutr2zvVOvlsw,RANKED_SOLO_5x5,BRONZE,IV,97
PQoLdu1_Fzk7jcs6FfVyanK1jgxrrMuE4H5OfVcJRQ1dsWU,RANKED_SOLO_5x5,GOLD,II,1
wFH09xpAWSmoPsns9TEQgF3Y-WvBD-Lt0h0dbdoXSZQQ0ETaMVZ8imwY6Q,RANKED_SOLO_5x5,BRONZE,I,17
6Q6V_qIkMNEblcCIzR07pjwxDIQDswavfRTtPYAnki3e1uhm,RANKED_SOLO_5x5,IRON,I,30
z6-G5KZG8OzXNpxjFKxM_jPE3LR3vlshOQDBKIQ17nwXcvg,RANKED_SOLO_5x5,IRON,II,84
rHhnvMpT5R_YYIUcG-zKRvGuz2U7M56Y5-P0bdw4iDND3oz0jnBV2tZfzQ,RANKED_SOLO_5x5,IRON,II,63
TPLTazlhz7OnyXiaDRpQ-J-n6xN4oEPVNQ3BAkpAhjdCPmc,RANKED_SOLO_5x5,BRONZE,IV,70
KnQfzKNRWD99JfQ3AVuf14IZ5p9s-2aKSPlSQse7rnvUehOfi6Nxnj2edg,RANKED_SOLO_5x5,IRON,II,60
tTwc0MILi-8jHgUPRSapkF_Sa0fpXTNkmxSrD0gmJ7vNuI3YmRtf1RXxWA,RANKED_SOLO_5x5,BRONZE,III,37
yist5CFRvs_qWYFrpFmx4BwRcw4ldfcxWMMcXJDDFX-pRtE,RANKED_SOLO_5x5,BRONZE,III,90
tQFLtlzKTOQogFLb5YxpVWphLDDA5w3uaQpxXel929Cj4iemloGfX_KXGg,RANKED_SOLO_5x5,BRONZE,III,35
6o8yrH8ndZX1i2iaCs3mREFa6gGoP2yFZZopboQ0Fsu0oeZiYV3IFjcOEA,RANKED_SOLO_5x5,BRONZE,II,14
kFKeAz0MUeTAw4QIvtWyhXNMJcyLCN8jhKDfDxj6VH7tMB6b,RANKED_SOLO_5x5,BRONZE,IV,0
MW8fg84FbIt1M4b0vKL26dC7njCjm70isuk_LliPyTyZ0pNB,RANKED_SOLO_5x5,DIAMOND,I,18
27jvg4-6FCZAcfGLsbulk_V5lInWFzw_7UP_RebWsxwYsO6_,RANKED_SOLO_5x5,DIAMOND,II,86
mLqEU-qd1I41cFzdqZ9Att9cERKZrFnpdHfQm8ixvZV_t0rJV7-NR3PZpA,RANKED_SOLO_5x5,MASTER,I,9
3qW3ti9XFlAIR2rz96vYyWMwQB-sOrM3_O1o0ROuaZAWgbs,RANKED_SOLO_5x5,DIAMOND,I,89
SBA1a0Is0Vcz1OZJjj_YQuNZ5bxte5jFxM0ZuQK4kvhK_5lJK6HJJLDV1Q,RANKED_SOLO_5x5,MASTER,I,113
IgE2y_zndyz10UOL2IFcyBPeBA4RNkOSrqUGpS7Wmqfx0M4,RANKED_FLEX_SR,DIAMOND,I,37
Y-JgZyGbSjR2JKKqa7nchnFAjkqbo6trVpe9cJbttP3QbVTpsH5p8E7CVg,RANKED_SOLO_5x5,DIAMOND,I,76
nhdmDdr2xcdt3h-TK6oRzuaBWvheOrAGc0_9OTF9oxOdGuQy860Rm4AORA,RANKED_SOLO_5x5,MASTER,I,5
o-cVUZpryW68Cq4lQReDf66qsNBi-zUdFFibCoWNtCxKDwQ,RANKED_SOLO_5x5,DIAMOND,II,71
hTFmSwcmad1nX4G1Mqw59s9JkI4kuY3eDo-nvg11o8BvmPE,RANKED_SOLO_5x5,DIAMOND,I,88
GaZbA0afU92yCMgL-jC099VD-lwrB2c-KRbiCrwlna-jsFw,RANKED_FLEX_SR,MASTER,I,17
6WlpBcvjuVNpcd3KgRXZJscz3cjGGUlyjHZ8QL1l8xKrEniJ,RANKED_SOLO_5x5,DIAMOND,I,41
ZMfegFTU28leWOXjg4jHl6D-ArFNnwUHrD2-eDyWW1LJmwQ,RANKED_FLEX_SR,EMERALD,IV,43
LW9nrpZPROUM1v3ALCHcChhBKAQb6QYb1HqNN9eLAFp_PS7mw9SeA9juOQ,RANKED_SOLO_5x5,DIAMOND,II,90
vtTAbs7Fpe6UWcdAKds_AJRUXbzndjKzzcW-Ry-gS0t3jrHX0Ml5o0KL3g,RANKED_SOLO_5x5,DIAMOND,I,29
TV39nUzePWL-Lrcorr53EBQ_ranmVScH-hy10Q5nWORVPq4,RANKED_SOLO_5x5,MASTER,I,211
lM5DPqpUjliTDMCx7NQsbYHc9SnfsfGpgAPNsI2hoO0vfcDlrD35bc3HZQ,RANKED_SOLO_5x5,DIAMOND,I,76
WfPMsfYXjE7vA6jltWGGkGOV06RIUGiSSehjuo6fIK_BTe79k_tHmcVhDA,RANKED_SOLO_5x5,MASTER,I,6
_nEdsvyM11ypWp9rENdm46ewXoqrDfdOjdxJ4xyOh5_Gdv8,RANKED_SOLO_5x5,DIAMOND,I,26
k-Ydd_btn3yO7T2ppQfwGxXRMe74rjdWOPIDqXYJ_u3XWM4,RANKED_SOLO_5x5,DIAMOND,I,56
Gj9fe_n9dz7cNMQxg2_TfwtDqQwTARtptBso_V1vDfnmwWA,RANKED_SOLO_5x5,GOLD,II,42
7HNCjcLWj1T4_DRaNlIlXkt6Xs82y5RlUygVqy_1pp6rmag,RANKED_SOLO_5x5,PLATINUM,II,19
oIXv8kd5vROJ2fwFID30fRPBsYijjA3ST0CdOEZ70HviLPCD,RANKED_FLEX_SR,PLATINUM,IV,0
a3QY-kMweS6H824Y4gT9JSMaHvqVYDxcsyYdWwwh6qbsHFurhlZSdr2nsA,RANKED_SOLO_5x5,GOLD,II,6
Ol7wfs6GQqqi07YSD5MOml7P2mrV_GR2S4_y1tZfssPG0fTL,RANKED_SOLO_5x5,GOLD,I,6
8r2efS0bc8iicAYlOJUQiUTGYxAC98RWsa-FUfN2mtKG8fyJ,RANKED_SOLO_5x5,GOLD,I,1
rvuQE5CLbzEpH55ZnCuYWC5ZRwiJdrKd0Rwu3KAzxsbm7aw,RANKED_SOLO_5x5,GOLD,I,17
2A2N425t0vfvWTYzSHurUBWYlGOcZu-XllNUPtbyq-nbhFY,RANKED_SOLO_5x5,GOLD,II,94
d8EQeBKZxx7Rp-6fZW3pdecw-toBADrb9-y5dPFsV84Ce58,RANKED_SOLO_5x5,GOLD,I,97
lOb-RwApzz1PunrB27bxIG5tAmh7x1bvkdSBWuG-1EiElgcRpp3kzFmqsw,RANKED_SOLO_5x5,GOLD,II,11
QwpVsDi8JhjcQAMOWm075Su4rHqTEtxP5OPpzC_RgcsRODx8,RANKED_SOLO_5x5,BRONZE,II,12
nncTllZqn16FSqS8wXSvB1jCVcqJ5ZDCfHuSIQ3gUgysm2_n,RANKED_SOLO_5x5,BRONZE,II,83
wipLqLKZdCWV5lVwH68UzY6uclo6x9bMoOVR0D7Y6a1a7alj2YKvzXdpDA,RANKED_SOLO_5x5,BRONZE,II,40
bd-257DZDvQtJbkOi6q7dGZLVUrjGBzQ1tw8j1rvxWZzyNpV3cZdnzySqw,RANKED_SOLO_5x5,GOLD,IV,18
KRL_f5arEvaorGIcAzcCjpCBSworJ1ceKqQ3DZJ4GCSOuYI,RANKED_SOLO_5x5,IRON,I,21
GvFdzlm-BXrLVvULTBcq61qLTzfCp1gZZVVTNZjxSJ0-ykiJ,RANKED_SOLO_5x5,BRONZE,II,35
BwjoJFoTKi-px7IufqRfvMabA8EgG_lHgX8xOclpwk_hfm0z,RANKED_SOLO_5x5,BRONZE,I,37
VKzGigb2SOyJMyiRZBQxAy_B7l-46c5Yv5FO4xqS2-JTW1k,RANKED_SOLO_5x5,BRONZE,II,49
SMw9zR0r5xlYa8HcI1vDmH-2xV5Gv39nsJueahYScnM3wqc,RANKED_SOLO_5x5,BRONZE,III,15
41n_DnrUbKNpnfwmqwYvn4Qu0kiAfFmsnxozP1MXJgJaXsQ,RANKED_SOLO_5x5,DIAMOND,I,31
jFfodotsAur-2C62lcBzdPPbq5uopiLGR9aSe_jzlXm64G1t,RANKED_SOLO_5x5,DIAMOND,III,38
eVEcywfKz8lKCKomjRyHR0EaZ8o9GNp0ogT6cdlgBwJlX17r,RANKED_SOLO_5x5,DIAMOND,IV,85
xUwvgwvFQyVzC_7YmF_2cmArlFHDr258kIKKaJp_KKoxqhk,RANKED_SOLO_5x5,MASTER,I,55
if8ViufZJxH3PsSBup_BvYzZFsEsueVEvyYELehPx5rO6YBw,RANKED_SOLO_5x5,DIAMOND,II,61
2J4eCrcNjWglNnxAoPnvCHIAhKF2uBQetsGCmlNETVQe9yUr,RANKED_SOLO_5x5,DIAMOND,II,84
DtDy0MnEPHApXxGlUP33mO47DiO7OZzr3IvoYaDoIx9sElanZY5p_JmRgg,RANKED_SOLO_5x5,GRANDMASTER,I,294
rJGH_33jS67o01ifozeUbIlAAdpm4akETO8iy4lB1wkxK0KU,RANKED_SOLO_5x5,DIAMOND,III,70
H0fQwbHNNZ5FotAaI39NlokgSztlCodJ7blBJAh1UnZwoQTLLOfP9nOKSQ,RANKED_SOLO_5x5,DIAMOND,III,66
wrhXffQdb8JsOoDdqatxA4P7xx-mlhLEwEndquyVx_rK1BFbI4rDg4VPZQ,RANKED_SOLO_5x5,GRANDMASTER,I,277
vMmjcJkJd6HxAwqL_fZrx4y65cEaUcL7iZncu14Kxuw8mZhV2yD9lxZrpg,RANKED_SOLO_5x5,DIAMOND,IV,5
1yj9xgGck-nyUV6DKP5Fi10ElvJErMCULqwvG2BS8-FMh9e1zaBSXsEudQ,RANKED_SOLO_5x5,EMERALD,II,70
6u_kNxfG2pYet-E2ArxDHXkJu7zmf6dNE3Z1u5M-AziHnOM,RANKED_SOLO_5x5,PLATINUM,II,44
DT7aTndgjcWb5pgoUqKc6RTLVAoeSTaVBxvvyAamJwlQXZI86RIabnMZQg,RANKED_SOLO_5x5,EMERALD,II,50
sPGztKZyXoyqak5q5p_IyoR8r1Cow0sDwKMiYA07C240-zM,RANKED_SOLO_5x5,DIAMOND,II,25
qT26itKilI4yXyX7C9noW_iJLjgLoPvv9ooTIwBRu-ZKv2s,RANKED_SOLO_5x5,DIAMOND,II,34
NHY91a0iGS4CTABCKKnPRYg4cNBalBL99JsspHDN1EJh16Sg,RANKED_SOLO_5x5,MASTER,I,82
E_cOeePFNghaOeD0x4-1cZAcHKS44411VS5gmyNiV8RKThn0,RANKED_SOLO_5x5,MASTER,I,123
5kx2u0DwEAYME1tdiOgpchb5QHOYXLQEvFGhSeJWKwcdXDSm,RANKED_SOLO_5x5,MASTER,I,107
hh1KRsuuW1Nhj2Ipz7s_h2mCPEpNR4XVHGeRGiJvjL88T9w,RANKED_SOLO_5x5,MASTER,I,154
YXL-y2tMbvlkwctyOb871xvajFQPz0KfV5xp5QQshtGqkQKU,RANKED_SOLO_5x5,GRANDMASTER,I,267
TvTgGH4iTvrUEWYhEERFfzkzmcLggdvXDdXtiAMACvrKsRA,RANKED_SOLO_5x5,MASTER,I,126
jcCFowm9yP_mIHwsdyFfEua-7Yg54ge1xPIB6bMMgTioAzU,RANKED_SOLO_5x5,MASTER,I,123
XAto3ViVgQhT4DijOf11Vfx3DNZNLdVP-oPQ68_VK-LPQTarDUlyCpGIUg,RANKED_SOLO_5x5,SILVER,II,21
WcwgVWO-wK_TbCtxBx4fmgwv0PXk9FKRvSbs4Qs3tJMfBag,RANKED_SOLO_5x5,SILVER,II,65
JbVUzU0ouUYKtR3LuzbS5lZ_J78cjWtmkWv0R-fVtOX7HDz5TXlyxbopDw,RANKED_SOLO_5x5,BRONZE,IV,83
FXKywnn57Rqb1bpbgjRZX1dDkbn5YWFyq0aCcDXQcsVSs0Y,RANKED_SOLO_5x5,PLATINUM,IV,74
KYhzwub5_L60A03-PEceHmIgCCuILrGTHG_p5ADjn7ZIsig,RANKED_FLEX_SR,PLATINUM,IV,89
XCL-f7uN29bj1wDf_GVlrGHX6UbukOh62TGW44NYTDshrxjhQNu9rMUwwQ,RANKED_FLEX_SR,BRONZE,II,30
rWzrDB64DvdbZItw9TPiPkqbEPOG3MSxmKZskidHMHrcy90ZPT7tlDMGYw,RANKED_SOLO_5x5,SILVER,II,49
HViMRmJvhqml0YhI0kGdPFj9DGuqx2dzHOGAYrpDb_Ss4-oOLsYFZ43sYw,RANKED_SOLO_5x5,GOLD,IV,67
0WJ3mf-Fv0nEmv1dBD6hVrWm6Vw-kve750z_yOibA0Bpy7OvZaG94rS7vA,RANKED_FLEX_SR,SILVER,IV,48
TdSK2FcJqvBlj4P2O9KwdbEhZQxlEqKpKTgs-BeCXKATj7pYbyD-WwyJ4Q,RANKED_FLEX_SR,EMERALD,IV,19
HyEP2XEUAA7QtohNuhb1jbF4ZO1QjgwSgsEVw8wTn9JKpQQbv75ctkowbw,RANKED_SOLO_5x5,SILVER,III,17
-JOIBhQ6SCcsTZCZGpjjysAt8IZIhYJ2SGRYoQAzs5xZ6CnhOagFtJ8ghw,RANKED_SOLO_5x5,GOLD,IV,44
xRIzRl63Hbl3yJE3EwLcI50CcOibBv8Y8ZHPvsQRZH1OBzA,RANKED_SOLO_5x5,SILVER,III,80
Rz-TKu67sn66NjY8zbc4tp9HH-hUlciB-IDm7t0df0oLsu4,RANKED_SOLO_5x5,SILVER,II,64
kfx0vQ-HgT2NEqdWurfUMivlaDYEPXHUV3J82rkZeAq6xtmXCIe7DmdFDg,RANKED_SOLO_5x5,SILVER,IV,0
h7D9UDuBwX_lD_SWFQgyp_zhoiGyYLYeNtnsaTb1xXIlla4R,RANKED_SOLO_5x5,SILVER,III,21
qR-zY2R7YySd8Y6WSv1Li9BGYlY9B7rO6z1mvT9GTAJwYKw,RANKED_FLEX_SR,BRONZE,III,58
GawnVcIyVMENr0DkZF3IHZGhXDz5T06IbVgIWZuxJGeTyQwh,RANKED_FLEX_SR,GOLD,IV,43
6UJtB_zyJagcfkhDBah5KWJF2j2LciOUmzpAQF6Y57RoFn8,RANKED_SOLO_5x5,GOLD,IV,57
4-EQOM_FrCUZTWMGb1lb9bH2fpo3yaLrE11hpAuSgVyTkTk,RANKED_SOLO_5x5,SILVER,IV,48
GnnIRwGgJ8cAsR9NzCe7WDuGcUXLvDWRH3gqtWgQ_FRgOSg,RANKED_SOLO_5x5,PLATINUM,I,72
DPksGglM9pxBtDufnjQU4GkAZNtJ7_39IsN8YhTrqqL0c-E,RANKED_SOLO_5x5,PLATINUM,II,79
MR-S02jolG9I7Cnqw-GpsEIZA_1z8E5R1eJ0D8iUeuw4cknMU0HP8Itwmg,RANKED_SOLO_5x5,PLATINUM,I,40
m6Iu2ZpUchS7_f3zhLj3hcXLE0ZOsDQaNU-QjuwMwSGulUkv,RANKED_SOLO_5x5,EMERALD,IV,40
XIu6k8cxcHpcu2EghtaEUFFxMP5WtJLqGmE_ObGnzF1BdI4,RANKED_SOLO_5x5,PLATINUM,I,27
1bGzPmzMDi30Uw742TCWlGzPvOAZyZwC4Q8J3afXovlsTTT73R10GUge-w,RANKED_SOLO_5x5,EMERALD,IV,0
Tf3JjdBxVuk-VNOqBat8q1CILmzcntFevT7XfHJItSIz0Krk,RANKED_SOLO_5x5,PLATINUM,I,66
pgr9lJelJdIRa2Bn_j1WVAdN2STJtvYQeICJ3Y5riOsGfDI,RANKED_FLEX_SR,EMERALD,III,13
sW9KcQjwwUXnBCxip8XYO1aX4cMGt4N0ONsvlULflOV5HBqK,RANKED_SOLO_5x5,EMERALD,I,59
rlmg9tifNdZTYQ7_V_8dkxmt_t0ZtsCTlMK7zX57GfJ4l5AKERbcWxXC2A,RANKED_SOLO_5x5,EMERALD,III,6
ANTvFAQ-UwH_vyFRgI7Y7ghlxKDFUBM9490Db1O3yrqU2do,RANKED_FLEX_SR,EMERALD,III,86
QUFMJ4StCBL3tGUApOjSfLtbEb9ksE5anRyRAp2i_WkxFaA,RANKED_FLEX_SR,DIAMOND,II,96
EV26TWfEus5xUVWt-2nLkG24ilUPIeKZ4TfJ6o-9Pnp2Md8,RANKED_SOLO_5x5,SILVER,I,15
aw0t5Aa9QzKgTgeZ0-dYJxakw5y72vyGx4pbY5SzaU1CsRvh,RANKED_FLEX_SR,PLATINUM,III,71
n90B3d-CHowwCy8_TWzutTdhAd4D8RhLq7-hz65ZT_40dRs,RANKED_FLEX_SR,EMERALD,I,24
cI3v5GxqxAF__Eo5M6gQKvGSF2U_haPt0jYnnkODihAKK11a083jFPOTCw,RANKED_SOLO_5x5,DIAMOND,IV,24
zIOGaSfj5ELgwgkd0ddtDSdK3JPvp1IWfv_xW1hg7PX6F3Q,RANKED_SOLO_5x5,MASTER,I,90
b4IXzOMdvHytsySWCTIeRe_2kSUPBbMKL1yzvFxMYDobsWWc,RANKED_SOLO_5x5,MASTER,I,0
LcT85kOG71VxSNF907SU5-XlN6yxFE73YlKMbWXIhZyW6o3g,RANKED_SOLO_5x5,GRANDMASTER,I,252
S8cJvN_wZQ0uvkXhG7MwHYLH_roIXPDJeaEyW3CQenOdB6g,RANKED_SOLO_5x5,DIAMOND,III,71
iCperufQjcH98ht1XNAIpSIcZwEJxE20UkAeHsecPkQX9X5r82Ug4phbzQ,RANKED_SOLO_5x5,MASTER,I,0
w6wbWnpQhbjTVFIa_QG5wCUG1OPgohKTc4XRZupA5NASVPw4,RANKED_SOLO_5x5,MASTER,I,161
M1E6kndzTKZOd3p164dOc3TrRa9zy7TIDDCffhZ02KI2ugt7,RANKED_SOLO_5x5,DIAMOND,I,35
L1VK3ntcLwLZTa_DVItLy5_tmQWBaYgo9jb6i1JmCZcWXNQ,RANKED_SOLO_5x5,DIAMOND,III,68
nKcLjUCC_vkSFx4a_5bB2dRfAkThil24NGBGU6enBRBlI7m2DpX6yP4ZPw,RANKED_SOLO_5x5,BRONZE,III,35
Fc5W8ow_ReOg1vqYHdkMZ7aJLQPsvn-qDQ6hOKfV81Bs6V6afZZ3yF8dKA,RANKED_SOLO_5x5,BRONZE,III,34
6UzrcP0hHLJlgMMH0rqsuDwk4YkLsh4jGZaNKuBHK6z6p2Cf30ujeDy0yQ,RANKED_SOLO_5x5,BRONZE,IV,27
49TVX6_lvg-RYICxXxAX0Et694CW4WIGq-xxxpYg92s7r27gjrdRb5SXlg,RANKED_SOLO_5x5,IRON,III,65
6X_Xgq5xfmbdpEyHDGh2w-SZKbQjEjOGKWq2SrOmPsc5yr-OUf4pY4RMEw,RANKED_FLEX_SR,IRON,IV,96
MnM2s5CglJk8yW2CE0sNkWoUIboN7-z-Kz4SFze_ima3MeQ,RANKED_SOLO_5x5,BRONZE,I,5
2RPCBCwNt6-LwAjHvSKpuUvQuiodlnN8ahTwRyQKCbyAK1I,RANKED_FLEX_SR,SILVER,IV,0
q2ncvTG57m6iU6Y9mKFgH_8EMJ2vv6Yl5TCU2O-fmAiWTQQ,RANKED_SOLO_5x5,BRONZE,III,98
3pLZajPcVElT5QeAkAwE-GwnH1lZe18V4HtzcTSpkP1Ve1ug,RANKED_SOLO_5x5,BRONZE,IV,75
L3YtuK22UBgURApTQl2usmvg7oOUo-tqvylY6qsvCcP2jceT,RANKED_FLEX_SR,SILVER,III,86
xBQsz7UKBpwpWb92kEYzmWykTsdA3LTfKDgTzr799f32cIYr,RANKED_SOLO_5x5,SILVER,III,5
rgZs9p2EdJgG8q9BgOHzuO0nO-CdRF-xD_UGPUY7Y54n7Us,RANKED_FLEX_SR,EMERALD,II,5
3xCiHSRUhmjSFo6tdGL0VMdaKEoMMb9PrtJO6beLLLovNbL-i3x99DcUrg,RANKED_SOLO_5x5,GOLD,III,85
PAC7fhM4RGzo5jsdnSUILmvmif7QGdmojFVO3mQiF2bym-HI,RANKED_SOLO_5x5,PLATINUM,IV,42
L9RA77tlTBCoU2lekLSFkJ-YjJoennHmroU-2j1xAOoqM13b,RANKED_SOLO_5x5,SILVER,III,80
yXLK7jFlnFoJqfmBoLUD0aqIjKI95oqpBbNFgGmGUhKssMvt,RANKED_SOLO_5x5,SILVER,II,4
zTxIsTslz4VAuCQ3v-vx8Ra3WKZuCf9lZL9G3erZCw0hj3oYCOshnBj28g,RANKED_SOLO_5x5,GRANDMASTER,I,260
pHpLwSyUxxlRlx1QARgrUfcuxvLnvfPLnd3NVJuNjZYRrXdT,RANKED_SOLO_5x5,CHALLENGER,I,713
7rVxPtg70iABpRrL4Y-ioETp4mb_KTZ24yHzGYmIFVH7XCfNHwr5e8eraQ,RANKED_SOLO_5x5,DIAMOND,IV,22
2YWYfhMsBD0DjiwxKiMtbJpT9ZuIw6JskB_0GsUXFyTNoZdyOFZlfAyQaA,RANKED_SOLO_5x5,DIAMOND,II,2
v2p4FTklto9SaVRxw7DwbIEyvdKlKVtRXOvjdeZYxalaQqMf,RANKED_SOLO_5x5,MASTER,I,74
AD3dr8tkjLfLzQCijoWUxnlsu4MdZjFVXFjD2k3vqV1yR9f5-rg45MV96Q,RANKED_SOLO_5x5,GRANDMASTER,I,211
uphU1BuH-k4DuNbKlaiMl4OJWDstmMoKy4c6QOkpIcmOyBAiQnOZu7bJbg,RANKED_SOLO_5x5,DIAMOND,I,19
P343_5Wy9B4ffDR29mH8R0FIJFMu3N3Ks6nNj0CSRCn9C8vZOYhnXisKRg,RANKED_SOLO_5x5,MASTER,I,19
WRm-a2UEr6CiU2Xi7B10vUjkz2_eEky5eqCKFNIzQ9LS0Hg,RANKED_SOLO_5x5,GRANDMASTER,I,317
tWZQuH1umG8HOy3c29BcJo16bglrG3E0T7a_sTJKgwJ-kxo,RANKED_SOLO_5x5,MASTER,I,148
gg2y0Y2XxdeXgmM-fmf7IleuhXJub7UzXYKmUYAvGM8VHBAHGwFWzKUw4g,RANKED_SOLO_5x5,GOLD,IV,37
Z_QxOlYaZPEz2dlVtH0ttOEu1rj9NNmsmvCmipvTuBoW7ZEzUDiwdgXGDQ,RANKED_SOLO_5x5,EMERALD,IV,52
nDcaOkpxd8RGXrVvOTC4nyjV-oX_DYDctQriGz_Lr4CFY2xS,RANKED_FLEX_SR,BRONZE,II,10
xhxqQPqLrxSQLe2_BTSZaCPcswy8FoAa3w2-WUp_GJ-G-15en6U_2Q0sbQ,RANKED_SOLO_5x5,BRONZE,III,77
dZHxj_uLq_9vNTQ--sZ0Cc1NhVoHDajOUKYhGml-OTnx_ytAUs1ylkMswg,RANKED_SOLO_5x5,SILVER,III,24
2GjnNGjPtKgxBi16ZoLv-JonJlVIIPE63_4Ir81Akdozv92N,RANKED_FLEX_SR,BRONZE,II,32
yGi6FEfOSFOxmxohiM_Ke1LZWdlZPUCS1GZRl7qW89Q3WAaV,RANKED_SOLO_5x5,BRONZE,III,88
nyYDc9aT9Qql_PXwPIeL37uYn0YBGlfLa5oBRKqF2G2vJlU,RANKED_FLEX_SR,EMERALD,III,22
UeGkz78SBtVBFuJxdSPzfh-_EwtoLsWdeehlxd8d-KxWDEU,RANKED_FLEX_SR,EMERALD,I,82
Mww0eH3PH2MLaKwuEXprzTOFP-54q40MNZTmgNn_FLw8Zxw,RANKED_FLEX_SR,EMERALD,I,3
zULCJ5iqWH2IJWRAh0w1IPO2K1O3FALJFbftBazOCgbutgNe,RANKED_SOLO_5x5,EMERALD,IV,83
ioUSeTjfM3Gfxk2b735CWwTAxWQT2fjeFWaymkVfVvX_Oi8NTHuq2RVZwg,RANKED_SOLO_5x5,GOLD,II,17
92fVb6zT1tXLDB1H8djCYWkEPBA0d2xHq3x71Nz0KPhs,RANKED_SOLO_5x5,PLATINUM,III,42
ryDJpP3kuz9zecc3606kc-4_j611PNodcNPtyT8H7fF-byI,RANKED_FLEX_SR,EMERALD,III,90
FTw75ZNq8PGcM2WgzjAQxhCEu0WZdf_F_n2G1H37232zPGzCPZJ59yiQlg,RANKED_SOLO_5x5,IRON,II,24
AWE1QFsTawzMpWEgAsU1FEVyZcmGF78tz0wb6rwd_DJHVVsIWTTqICx-7g,RANKED_SOLO_5x5,BRONZE,IV,32
Kppu5lnhIlvI-hnL1tvswUf1N6euBoqq1UjN70i75KEbcPi02TLS6opGrQ,RANKED_FLEX_SR,SILVER,II,24
w1BKEoLJ2EYpQboFS3zcCP1AXr-RBfsgasfnpUJWRVpuOkA,RANKED_SOLO_5x5,SILVER,II,49
tzBi6J2iF-rJj_buB_UkDLtN-k3Bg4co7k21LnLR2U8tHIt8,RANKED_SOLO_5x5,EMERALD,IV,6
VrzKNAQl_bTkc0sV5KWTJevYNh82Qmc0p97z0NlNrGPNCQHANnFgZSZhwA,RANKED_FLEX_SR,BRONZE,II,60
wDCrI5cXZnyw3_dGEP-MfkSdmJTdlMq0dqrjNAoMEhbQaxo0AEMhRbRjSA,RANKED_SOLO_5x5,BRONZE,I,23
MNoUGohcAnUfubONa2kTI-iNHeBt-QjEc3FvCYUOAcYcWskLc0exBUzp1g,RANKED_SOLO_5x5,IRON,I,10
-YlHWfE2giqLKHiTpJh0DySMtxvfpkHNGwz0iyLi5lQyUqoIvP_edud3Lg,RANKED_SOLO_5x5,GOLD,III,5
4WBhI1sn_bDwxiJRSgB7jpOr7UPizaD2LLp62PRNiu0FJYNMTq2l70XfxQ,RANKED_SOLO_5x5,SILVER,II,34
RdgbfJdUvOfhgAi_VZNY33tLcBqgkpqZiISA_xIxHv1iajylHHM4RQLvQg,RANKED_SOLO_5x5,IRON,IV,52
pgEkTeMygYPh1v1VMQl79hqWus3SL1O_cCzKqVPYDmmxdL7vYtIjXNXsPQ,RANKED_SOLO_5x5,IRON,IV,90
LCua3Ia2RHmewmsiA1_Ly1BeqIDnwv04z_o2Ntt0xpJ46vpkdXgE9cschg,RANKED_SOLO_5x5,IRON,II,66
mfqZQB1Cqk641RdC1jwyzt2rRDt52ZO84MwmXQoPd896biM,RANKED_SOLO_5x5,IRON,IV,87
F6Ug_W02FfhCAtPOoWLClxa8-qyO6U98bWJflvDSkWLsLbPC,RANKED_SOLO_5x5,IRON,III,75
2ohnrVuNd-znuV2djqR5PjJU6-40ECruva5z2AU0oRLW4C4,RANKED_SOLO_5x5,IRON,II,45
nvyQgCCQf3CKBoNL1szx5xYd4Qb8IABf7wEWGqH8ZxbF08M,RANKED_SOLO_5x5,IRON,III,76
qmcC4NU3Go-ixwnHKmmkZggAf1ShAgitYmPJM49omvTPhThwixyC2hon1w,RANKED_SOLO_5x5,IRON,I,62
r4BnxqaDVwxSOQWX-iGe152X3TtzWOzLOtXu9XKPNzPMMk4,RANKED_SOLO_5x5,IRON,II,49
0sI7KzeUN-6XZC8nSZFbiwTFr0Mv_IXWhxQEvUpMHytLKKE,RANKED_SOLO_5x5,EMERALD,I,1
auxrLJflp7aZsgo57UXUNxt4mx5BUs7HN_FfCA064WONZY81omwVK7q3Gg,RANKED_SOLO_5x5,DIAMOND,I,35
I7MCJphBQVAPJIv651dopJldGVui2Q6nn3DXc6BBnQHWBnwpqupbNQogEg,RANKED_SOLO_5x5,DIAMOND,IV,49
tyahaqpnKo74MPbCUyzwv9tpNV2s4bp1eW3ZunSsrnAmtoc,RANKED_SOLO_5x5,DIAMOND,II,15
CZwVt36yCQ6db2e1DcRhpVkoDP91AZLa3gbf7LR6Vq2CM8OQzvzQEuVLwQ,RANKED_SOLO_5x5,DIAMOND,III,44
Mo4XxvpxEIm9FgeH8ZDH4qmKI4lejcGz4-ohqqcL2oiQPNQA,RANKED_SOLO_5x5,MASTER,I,0
PDP-E-YMFHjgknEP7OZ8G0vKcrCwSDDT7EiOOu4oFfdy3WAHCg4BloxzBA,RANKED_SOLO_5x5,DIAMOND,III,89
STAkxcfZ1xeAytnVg6vqV7Y_CcxX4z9lT-obWcXK-3zf3Xyj,RANKED_SOLO_5x5,MASTER,I,13
VluYZSa8zqKTzLo_pZAIsGIOFmVxtbSdKmVPCUmodJlT055z,RANKED_SOLO_5x5,DIAMOND,I,26
FsbOir4rMU6Q_gBwqB_O4iS1g8H_44EBJ25KsrM59OBYrHlN,RANKED_SOLO_5x5,DIAMOND,I,58
yVH0XwtD2Fom8KXgwvU8TKcOXU4Nanbne6iX4OvRau0YA2s,RANKED_SOLO_5x5,SILVER,II,70
b8IaAdQc5iyWOG-NdoDrkNM9vMbpsQjWkEIHpNXbGZgd0jD_,RANKED_SOLO_5x5,SILVER,II,74
OgGaHDpr5p9dIq87_Qd7RvDlJ-h_dzxEc2TnEvJGqOJO0rE,RANKED_FLEX_SR,GOLD,II,22
Vk9Tb35ZW8MK9LEec5KDhYnri8nZLTFTB-N9QAb9RSEvImE,RANKED_FLEX_SR,GOLD,IV,63
eVy5VYnIqRTGSF3jN7K_-jn-iuE5UmH3CkGX4SIgw0tVyy0,RANKED_SOLO_5x5,GOLD,III,36
yEWnqzhEF_6IOVbjYXRAOxg8xUh8lIvm6CImz10n-G9yBzoWNemyTY8jjg,RANKED_SOLO_5x5,GOLD,IV,91
Tlp6ykAXj7VzDBs7X4w8G9Yp9WaQUflysLW6Efzazmo3Sano,RANKED_SOLO_5x5,GOLD,I,38
32a3mkg36kfJEJXBfOxW2JLyNJxp9Pz5mGF9EgK-lwLe9RA,RANKED_SOLO_5x5,GOLD,II,24
dcOIZlti6b-dhR2gEqYBHwam9I76fDyYBwNCkHJR90L6qCQ,RANKED_FLEX_SR,EMERALD,II,99
3TVvbeung747kwjzVuN8DDq6-M87jReIWqR70JkqokW18rA,RANKED_SOLO_5x5,DIAMOND,IV,20
C9T64D-JoT4ewdbX6NRvLVoPZ0G-PLae2zBNtJ7boLr9GguiBrJm1EdHiQ,RANKED_SOLO_5x5,PLATINUM,III,11
-E1A8jLBsgyy2aDNg2OAIcRIPe9mZ-5zxZDYLR9Dhi8GJuP1,RANKED_SOLO_5x5,DIAMOND,IV,3
elLstTPm4hcYf87-WUu1t5lY6qitaChNt4hB02ZTVhlu-6A,RANKED_FLEX_SR,PLATINUM,II,27
9-mRVR51mLAa4J3glSpqovCu1vGcnva604tcPoFD9IAL2SY,RANKED_SOLO_5x5,PLATINUM,I,18
d4yHJ9YobyX6MEF3MD6FCYADVGtoF3jJuocSRqi339yImcVl,RANKED_SOLO_5x5,GOLD,II,27
8wrJBYr_v7XZ1x0Snvg_Zb7hcYzlUB9b2tU79Fo5Oyc2OVWPzdFowD8Ccw,RANKED_SOLO_5x5,DIAMOND,II,95
c89Ax01DRwGvbonN9FVaEkKSg533E6HrPnwEihJIs4vY_tNt,RANKED_SOLO_5x5,DIAMOND,I,53
yrAyoAWlamBd3tms2mgWZ5ZJnEEnwmeDRI5C08MzVQp9Kzc,RANKED_SOLO_5x5,MASTER,I,90
gxeuXIMqWC1wS1Kc7eK2mIUZ95HCJ2xUAUz681aEQYMAqNA,RANKED_FLEX_SR,DIAMOND,I,3
FFg36tGvAYTEGa-_EFjFFzaIIQSoV_R1gZXuYOiz-OEex9xb,RANKED_SOLO_5x5,DIAMOND,I,75
4eKWCmSdvtiP_NrcV6T0OeTdagAUfZXRw87uEfg0jKXTTDY,RANKED_SOLO_5x5,DIAMOND,II,60
sqmTjb92z3imHtR1YC4iqcnoc2iCHki8ic3aipWX4VU0moNZWFFv_-oZvg,RANKED_SOLO_5x5,DIAMOND,III,98
cSf8Q9tzFfw6gieHWnrYH-xCPc1z0IXwWXiTrvsKmJRDr9lC,RANKED_SOLO_5x5,MASTER,I,39
WVGxa2cMrILBTANiMzwXL9v-ydloxevqqw57fzJE-CJL0uTfLWbGOgxdnw,RANKED_SOLO_5x5,DIAMOND,II,26
p5jKS7jarLg-qsx3WbkWJDY9t2ff6zqkjmjAm3arZKhG2L8,RANKED_SOLO_5x5,DIAMOND,II,29
5tbaCEeil5eUeyX0eG-A7FC1RqewY08iIgz0yq63oWpQQkBJFnbR4lOuMw,RANKED_SOLO_5x5,DIAMOND,IV,99
Zm-wAQKbPZ6chlyhVlHejEf4iVuIBbxwa_j6h-EmUZPWiN-XjwrUzyvfTw,RANKED_SOLO_5x5,DIAMOND,II,23
9gPg_C-bVD8jTqDW-7P3rKZGJJwUCmyjknIU9oR9dboJ8uxQ,RANKED_SOLO_5x5,MASTER,I,37
zoS66FJimGt0UhEcZN9xxtEEVqQGVBd8RvWijUZ92vksiGg,RANKED_SOLO_5x5,DIAMOND,I,21
uXFrEWdySWXh9Bviz6JzFTO5fJAGhWikpHK00ZVxSSJsHeY,RANKED_FLEX_SR,MASTER,I,39
zUrstTp2R0mu-408GZXC-RW7F439aKRlj7MYkqnpyzhcJvo,RANKED_SOLO_5x5,MASTER,I,38
cUyfqQg472sxmvS9JJ-W43jiQ3vqJ8n7iQSULB5H8GCnCtCX,RANKED_SOLO_5x5,DIAMOND,II,1
QXu6Bua4bXbBPLtUakA9877tN2kOj30HOr05JOVwJ9mwReI,RANKED_FLEX_SR,DIAMOND,III,99
QOV57flMig2dNeqmk4RyaVOT02_zWIHQH9dVELz_oiYybcA,RANKED_SOLO_5x5,DIAMOND,III,76
2Tcc5QCZrqTWk1aGw1_VOvYBzxnSJtQ6U3raSSwmVou9zyD4,RANKED_FLEX_SR,MASTER,I,84
SV2OPRO_RyRlqlPVzW9p4YFdal5N62uZDi_14XZ1Yy7mzgyEOoGhsw2eHQ,RANKED_SOLO_5x5,SILVER,IV,47
ygZVOJ1GwP9MGP6lu0jWI75TMKb_dVyJiT-ctlRccqTLUdMUM5YWHyhGtA,RANKED_SOLO_5x5,BRONZE,I,0
syrbRcOBz5fSdA0ORF7maqXcHufxx-PAvYj97GiJuTkzV-TszQCGip8-VA,RANKED_SOLO_5x5,SILVER,II,32
LWDQFX7hgAoY6Dj3eYz4g5cZQbMZGnFsZMfWx_m5a2Gkdujh,RANKED_SOLO_5x5,BRONZE,I,45
WGzeDdgg4sjiHpIBniFkWlnuBLqin1KsZ5u_ry1uVbAs4SE,RANKED_SOLO_5x5,SILVER,IV,80
LBbi7Ln8L6cJvFdq7Bhhmf_s9Myo6YSFAw9yfo6qyFOvHBJR7prBj3Ygsg,RANKED_SOLO_5x5,SILVER,III,14
IkvJW3uqJMNyldW_d_9oLI_4BzcJbZxnh2r7XFJsyeS61-I,RANKED_SOLO_5x5,SILVER,IV,84
f4azJAsvYJ1E7RY723NwH4jjtI9UjHw8b4wRDRrneOjtlVzAPAHpLimPwg,RANKED_SOLO_5x5,SILVER,IV,97
hG5X3RuMDtCq4L3Dm_lEBZn9dDU2CyN_0jsapRcVHUCgTh4,RANKED_SOLO_5x5,BRONZE,I,60
hJ_cJSRG8a5s2V2pIcfjjNMet-Yi2_iTCWc492hmkUlvciAu,RANKED_SOLO_5x5,SILVER,IV,6
B7FIDjJ5Bxr7yrZItClESBrkoYcUAiTf4SgpvMraupfFnm0,RANKED_FLEX_SR,IRON,III,60
7CmuqBvkifkJSqGv5L66KLh4zOFgfR9moLJ6qiLzsBFaGw0,RANKED_FLEX_SR,BRONZE,II,41
Ramex6fDWAPfYROA7e7__10x4QWp8C7vdX60MDH2jckmOCOEg8UC39kW5w,RANKED_FLEX_SR,BRONZE,IV,83
JgIQztIyjkWUWH1m0nmGl35tBf15WhSDeObswJYcgVAwG2c,RANKED_FLEX_SR,IRON,II,62
dinv6qZ_31PL7zRBUu1HLb-1slipCZADUAORStFayIplG2wObzcJfRepjg,RANKED_SOLO_5x5,BRONZE,II,16
sGQNbTmdQbveTS2R74iNpLUxCtv2hefDngwnplyKZbDlLGc,RANKED_SOLO_5x5,PLATINUM,IV,98
kdcdn87kHaKXC8o17k1DmYHXuN4wq1XuHAmaRc1AMve7qB0,RANKED_FLEX_SR,GOLD,III,6
5K70FiiOvlhM5ExHBCIm9TIcFsFoj6exWa8Yq15F1ZHyeHA,RANKED_SOLO_5x5,PLATINUM,III,13
Z8IUqjWglemjFOTySZrOEMSj87h_D6lpizXxpJj8xgY_JHI,RANKED_FLEX_SR,DIAMOND,IV,0
k3OIhldCJQluyfCu8w-gliovg7TVGCXzSSsFuJgrJryknG5ygq8uTvELjQ,RANKED_FLEX_SR,EMERALD,IV,64
LEnIga3mFpMoAIoRIcnBcXp1zCjFmlVcHbRcEk9exJWvneiWxUHhcYWdug,RANKED_FLEX_SR,EMERALD,IV,29
uTUHDsgGfeZ654HqOjg8G2Ed2POUh3UOp8z6vT4dKnXwrNk4,RANKED_FLEX_SR,GOLD,II,16
8TG28PK4e05Falhi31HPEajta7gaHce5KdAAz6zpAQfRNag,RANKED_FLEX_SR,DIAMOND,IV,85
ctWK2ALzFH_2tci8SA-zUUVIH3Rkbd2xi8G-UWTjqIiqD5T_,RANKED_SOLO_5x5,PLATINUM,III,56
9eqPlu5McQVOinI0rHK_lDY9ywRWm0E4At2baDi0B56kStA,RANKED_SOLO_5x5,GOLD,III,54
0DNhu5DuhRglug2fRrrWVxex7HvnuHYQB0i-RxOP33765oI,RANKED_SOLO_5x5,GOLD,III,67
pYAJWU25qP4Lu390E1p8xNK2u47Kyu-f6-g4nXjmPKVFDNGHc7xg7PBwDg,RANKED_SOLO_5x5,PLATINUM,IV,34
Dh5CY_axFYAfRP3RODOPwOpHvZLh3mzaLl-fj1tgg2BPG2WJg6K86cTmFg,RANKED_SOLO_5x5,PLATINUM,IV,48
nuBQ604NSPgiq5Q8J3porZ889kHTcxdZ0TUTGbvzm02Dt3g,RANKED_SOLO_5x5,SILVER,II,63
XJQQGltWwItuajBBbze7REGYxrw3UMmvOF--rrSggzv9hc-L_nmrCEzr_Q,RANKED_SOLO_5x5,PLATINUM,III,52
zTKPvECiVh49Pbrot8hMSHemzxTMrzqiY_lH2hWz51FpH8g6vpoEqCQyww,RANKED_SOLO_5x5,GOLD,I,61
jrbtBLQB_v7v5DRwDhhqsOY8AVvmVOcv3xTyQ-jDvG-RnLk,RANKED_FLEX_SR,PLATINUM,I,4
C-6aLCapN6Q2d9jQ49CDG5VWsTD7gUE2d9bhEojBvVxoiAPXDzTpvC4SCA,RANKED_FLEX_SR,GOLD,III,7
rstgv6FBXhGvd9SsDwOEZx8J24asfY8xBY8pUXvrYJV1Pdc,RANKED_SOLO_5x5,GOLD,III,30
-HHwC-aVgdrFTPXpVQJ_hwRf1CRhlOQOiyiIZY1cw28IWj8,RANKED_SOLO_5x5,PLATINUM,IV,91
xWQ0_Xix4XNXpx5X20WQm449GEKncb3QBCe7NNsL1Mz3nzo,RANKED_SOLO_5x5,GOLD,I,36
M8ElHudupPLwpov5ehXGPWTKugsXOBlSRGeE4pzgmRpWGkkYx79bZ8k0uw,RANKED_SOLO_5x5,GOLD,III,87
gtmVb1P64wLHxBZ1gnYRCgnciOCqZTWld_X1j7ePWv1wvRRK43LePkSobQ,RANKED_SOLO_5x5,SILVER,I,20
TsfLxZiA_TOdu5koQY3gIvVMF9gE3_fqGb9m8k_7wfmbDWUlo0tECfpcbQ,RANKED_FLEX_SR,IRON,IV,62
GEjELat6IDtZFpr51U31efWH3p6KvoTLzwa-vSpQwB0BxXg,RANKED_SOLO_5x5,PLATINUM,IV,82
XlTAPf2i9hZKMmIln2h2vjsip27rpVvsHrJ55hN1ljjxsoE,RANKED_SOLO_5x5,SILVER,II,10
LOSSur__iw1IPmYCqwbtQY3r1jSe4d1gmY4CV-rOHyt3h9GT,RANKED_SOLO_5x5,GOLD,I,15
5L61EdfgauuFLc0dL1j9AgSOW7d7EhCmkfIRkeM8k6nvPmU0vrX_5diT-A,RANKED_SOLO_5x5,IRON,III,47
NTMz_PKDQiIHxIWEpP_b5sTguVHFpZBT7fhkOOxXtVPXJUhx,RANKED_SOLO_5x5,SILVER,IV,22
udH5XVxMi9MidaltzOf-S1mSNoxFzonlmWNe4v_OpxPrUQurEAeQtqomzw,RANKED_FLEX_SR,EMERALD,III,22
1PPNosHdgOEvNpxA9rNx7Ocb79uE18_0wQnQk0_Ve8x3RdY,RANKED_FLEX_SR,IRON,II,5
5NsIUnVgBRPcDYDMsZPIUNeMzohQ4QwGAo96cywweB4T7DPayoVgvJ3mGQ,RANKED_SOLO_5x5,BRONZE,I,15
JF3yHuexIMh7ItxHeFuVuWMh62XaXSzhCyO9Mzgb5eWZ9yB_,RANKED_FLEX_SR,IRON,II,24
ldr68KUJr6QxIf-TBKZwMJoFjttUT4drvHTcNf4HLSA_zbI,RANKED_FLEX_SR,PLATINUM,IV,10
YsFnzsgkgK9DnYKAP5LtFqFHJ1_imMx_mhx4n-I7skkQYcvi,RANKED_SOLO_5x5,MASTER,I,9
O-9u146v2nVwnDjvlcMiJPAlxhmcoxIlS6drJ5ZrmONmHput,RANKED_SOLO_5x5,GRANDMASTER,I,150
lhkL8UEjE_5G0t8Ojb81P6rdxGjKaeefkpu4hJ3dOO7rhUeFsXaKWhxRDQ,RANKED_SOLO_5x5,MASTER,I,39
2oPeJgA4gVzWNQ6Fjup65OTJGoB_hAUhHAtRaPXvvdGnDEf8NzcqfcHvnQ,RANKED_SOLO_5x5,GRANDMASTER,I,507
dEHL0v984OlFbNLGooEztYXupq-dAFI1iDDqHlYX9IU4Wzmg8EiU9s5quw,RANKED_SOLO_5x5,MASTER,I,30
uKJoZri_STSVC6kzns2srQ8c_MORjSG9-qa6jPnaHPUmEzv5,RANKED_SOLO_5x5,DIAMOND,II,66
ycnP0cd6_rBxHMuSwgeSHpH5IJhGsqAaVQYq72XBaTgieOA,RANKED_SOLO_5x5,GRANDMASTER,I,483
Vww622zCjFxosXDQ9wiKg--joO-T3Yd8tzN_t2866VK_fzou70SklzVAKA,RANKED_SOLO_5x5,DIAMOND,I,44
T4b15E9dEHndKTpiqHuzdz8IL0Mb_H_5FgVfTKAPkxuPjF8,RANKED_SOLO_5x5,MASTER,I,18
q0H6FUGfCVvlAppYOzcdUJ-dFuJAutzTOqKDyTmTW3dFf-0,RANKED_SOLO_5x5,GOLD,III,47
ZQ8xjmHuPUwVQBE-UnKZUlRb9la8_FD3UQeFG-mfU-uZNQ8,RANKED_SOLO_5x5,PLATINUM,IV,0
yrRDwgcBAdUIuxOkLIyKj0mFtUt4DUhIRVLIKUfEOfMsgXA,RANKED_SOLO_5x5,GOLD,IV,32
7OxDJfO8jeovqqh9F8juQiZGpIAdNMoiVcqXdfsApBnTf-Vm8DxzTFrQKQ,RANKED_SOLO_5x5,GOLD,II,81
pxPUfXLgooBkoEfrOI9q2BsDa5vPVcOqIKu-RdEB1--yfDo,RANKED_SOLO_5x5,GOLD,II,3
sFYc3g_an32R8X5_njwjbX8oTjiHUgUBpy-0xSN93qyGFfQ,RANKED_SOLO_5x5,GOLD,IV,48
8giNL_JeTXsqCKmY20COF_Yx28JNhYR75GhXWnUuEwDuHwE,RANKED_SOLO_5x5,GOLD,II,4
ouNSufm01AvDoQByPSs3eZkK1Gh0JEaUNwCvZf5ESTW19msLUzLp0hQi_w,RANKED_FLEX_SR,PLATINUM,IV,20
Jf8YGSMKuyA961Tl1Sw3cS8rhDz1KlD5oYpwjt1Tx-xqzz4,RANKED_SOLO_5x5,PLATINUM,IV,9
QYlcyEGjBg-weUjkesKOZPyIQ7a5Hcx0TH8L_EzGwcedn9GE,RANKED_SOLO_5x5,SILVER,II,87
LQ-SRdKfSZikrVLvCaADx2TlcYSZu6wBpzWmugQZg2n4eVc50O-r0vT9AQ,RANKED_SOLO_5x5,MASTER,I,50
rlTASuIES9FyEzW6mz7dgBkE9Cdm_fB8b09UNTwSzqC17RCUjPYLIAVRKA,RANKED_SOLO_5x5,MASTER,I,79
VGT7XzIFIpMMU6MK9he00QCMy4UhzEQKAyljze8bTegAn-3e,RANKED_SOLO_5x5,DIAMOND,I,0
tm9ndkCHOGwOg5gairVzvxmYYI1_QdyJcq7MJFuQBmK9bEA,RANKED_FLEX_SR,DIAMOND,IV,30
IZljpm3fGrHnyMZ2e4OpQtPxdGKfzGb3Sb2Uq_fkpXaEyeMo6Wc33XoNrw,RANKED_SOLO_5x5,MASTER,I,30
-6leS3s9wwV8PqzWZZR-_oFm0uPcISrzSo6Cm1Ky8NK_Spg,RANKED_SOLO_5x5,DIAMOND,III,85
SZ7WKvhJtsUHQ1Fqvi26olc2oZ8h9dqkzcv5YlJrZUJmY72WNg5VzAlUpA,RANKED_SOLO_5x5,MASTER,I,106
efxqXOcYgp7exkM4NOqpwhtEHQ_I-b3EDAW8-TiGDRsE5xU,RANKED_SOLO_5x5,MASTER,I,171
t2YbYr28kUTkc2jDDxdUor7Gd4hXuDezxrEuxo7BRJv5IC8,RANKED_SOLO_5x5,DIAMOND,IV,32
4taqjyQBLuOCpZGfKF9jX9xKJKK9nZYRVk1pW6DgweAcq4pIUjHJP8qvxg,RANKED_SOLO_5x5,MASTER,I,75
csjJQ_PkWjHn-8Opx6VRtMXCyEGOlXuKx2CKjlKfUeCxYYNA4YOFX0C32w,RANKED_SOLO_5x5,GRANDMASTER,I,238
Q16i3nn2O3Q_3oPUobs4o-t749YJU2mYJkbFUeAEDPP9wc-i,RANKED_SOLO_5x5,DIAMOND,I,17
Ht_D0Ub954J0OLxQPZIPhryuRZZx9OCn_wRz66resncvWAU,RANKED_SOLO_5x5,DIAMOND,I,35
G0EFLepY1TIbcb0YK39V9FuIDBFSifZ2rf6CiPwAsXuIWmDEIL_uoHprrg,RANKED_SOLO_5x5,DIAMOND,I,34
FOo_MjmIwNB3p5uxF1U5ONoeaZPVkG23kwVUPmnaO5xCz-0zS2FEO9iXrw,RANKED_SOLO_5x5,MASTER,I,17
urrJWMtFJiwLH2FWadZDaI6z_Ztw5UaOQbDICx6ZQ6y1L1WxF97Q7ccUaQ,RANKED_SOLO_5x5,DIAMOND,I,32
ajWwim4ZXITgI6U8MOrpENWY6F5SNtO9msRUkLuHYNq3Z5tu,RANKED_SOLO_5x5,DIAMOND,II,90
hBLxo-0Zcmq6Ilj7jYhuFoZGfZwGHeOKNdiDd1Ixm6VuSt8,RANKED_SOLO_5x5,MASTER,I,33
bT8V0pNL9k3SA3FP3YEXzjfoeG1-fp6ZrfLBJVzegmFqIkw,RANKED_FLEX_SR,GOLD,I,16
pfo_hsuIvs74gEENJwN3Vdh52TFjevNWJM2m8rC36EeyWuJ_AgqRmuuSxQ,RANKED_SOLO_5x5,GOLD,II,83
UrINRDSZWV2-5bmIOugE5U-h_IvCvk7QDwhGXanNUZLBkto,RANKED_SOLO_5x5,PLATINUM,IV,19
i3N_YxCEbMx420CjCCOMZiC7ia3pJ4Dwh5OGTVls_IX5ibM,RANKED_SOLO_5x5,PLATINUM,IV,0
6YdKFT9CIHItGYrmRX8-_NVq9E4Rmy5hTweUCKc7v1RpYzy7,RANKED_SOLO_5x5,GOLD,II,28
Q71uxx8Dhk50ZeyN-lTC1mWAuvtiLfrh_dit89ygaAvUiXo,RANKED_SOLO_5x5,PLATINUM,II,17
cNYIL6BTYXTZTYB7WwbBTomlhBrlrAOsbIlj58_uG6RephU,RANKED_SOLO_5x5,PLATINUM,IV,0
56BRYN7flEB25gbvAZJswqpO9zRrk-80ii2-6yt8eAEtdzQ,RANKED_SOLO_5x5,PLATINUM,I,6
P3-2Z5y1IDbXmlb8ZTqh9NNwp3QbPdt5npWCeAYCPpOQ,RANKED_SOLO_5x5,PLATINUM,I,25
CKJEIVasW24cCLhTRd4COwZRcJA7Me_6BkYs-7V4GNaUDyen,RANKED_SOLO_5x5,PLATINUM,IV,16
K9n57OklP3Of5ikUyo4yrrQpKOje2Y_TRL8s0yA6HS5nYgtUePO333f5rg,RANKED_SOLO_5x5,GOLD,IV,0
BW2ezPI5BqaQ8n4ye8LTPDb7tmawJOKMNxgQzuW1ubXkSok,RANKED_SOLO_5x5,GOLD,II,24
N4Gm0P6WdUgCv__sADy39oWZXck6M3WOFUXrelhXDJcZTao,RANKED_FLEX_SR,EMERALD,IV,71
LIa-g0-rSnpW8JraiL-IxT9pH3Iw2Htw3dZS12naYdMPzB8,RANKED_SOLO_5x5,PLATINUM,III,28
PFcBcpuikaPFN64f95lUxkN0TwE0NFWa0VHJI-VpA3Q_hGyaaSlD5jfH8g,RANKED_SOLO_5x5,PLATINUM,IV,1
fHX_i5JVqlM6ADKKz5f2v9CGwITnOXLW50ZEXc_MrOleAoaBzezcwy7Ekg,RANKED_SOLO_5x5,PLATINUM,IV,0
RW9lXoAnKbgrcKEEfHUKg4qaEJaaTVcTdCuk6WTLYRTqvQEV,RANKED_SOLO_5x5,PLATINUM,IV,0
uDmzbdWwHWeUl5yTr8Yi8uzf0Si3Np59aY3NYhRUWds_74Du,RANKED_SOLO_5x5,PLATINUM,IV,7
RQxKrSfhHad4ULA9AasOhlHoIrfpSaqeqFZkOwNWLvs7twM,RANKED_SOLO_5x5,GOLD,III,41
CkCkZkvG0zCOgf_3pqD7jM7Y2mfUXuDkOBz_9ie9WG3Rby-UeoZSAHcr-w,RANKED_SOLO_5x5,DIAMOND,IV,78
aMAfsNuhVZu4IeGxx3LoFA54E3u19MiExJ-EVGbBms4gbYsfJQSmdcC30w,RANKED_SOLO_5x5,DIAMOND,IV,40
zoLehk8vQvSl6gCGsh__DzraB7m3QLmi0c25nEO5UDhOhR0,RANKED_SOLO_5x5,DIAMOND,IV,34
vi4a8HTCaSk637DtvtDZpzpiRxU6U6M8CLbUzty5dRywO80,RANKED_SOLO_5x5,EMERALD,III,74
0kmb3Dvf4XWSGr0L4fSJRScMvv2tk-v0_v0nwQZhhiyQ1ZAB,RANKED_SOLO_5x5,DIAMOND,II,72
7u0TplwmHDq1IqZPrEbbTyGuknPeGT0P65bxjIAyf__pC2aH9QmT-nc0sw,RANKED_SOLO_5x5,DIAMOND,IV,30
_Pp-ltKdHBM693_FbBPvrC5_9n6iWn0Wka-6v47hBuBvzhyf,RANKED_SOLO_5x5,DIAMOND,IV,8
9NBIfCbplPywH6LOuoKZJF4TOlzgtSf2Bu7SYmU2NheDfNir,RANKED_SOLO_5x5,DIAMOND,IV,59
uJJzNcyoUn3ppVSAg1QpsfN-xwyQvqCBJqMiKkve1wZGwhuU,RANKED_SOLO_5x5,PLATINUM,IV,85
huo9AVnYNJChLldkmO5yiVEaV_41KFLMArHyQW_iQqRqHLM,RANKED_SOLO_5x5,GOLD,IV,0
IYA8KJlyHB_71ro74dlrXulbdok25URS--5VlwFanze8dnM,RANKED_SOLO_5x5,GOLD,II,29
hnLMznvomzCAZ93oPj_nz9J1KwnVFarROk74_VJeRL_-BMw,RANKED_FLEX_SR,SILVER,II,76
hJsbcUgH9PCtqRazKYVSjhIVyff4oE31aCRDAa0dKwmGS8k2,RANKED_SOLO_5x5,PLATINUM,IV,91
4wMliR3YgMI3Odkv2YEnt_2WG6uwX35yqzNX5Ky06qQyGJ1HnKLb_oWaMA,RANKED_SOLO_5x5,GOLD,II,88
CxvST-kvdotF2R5Vu8rULgeW_77PRml4IDGAthtSLBDF6fU,RANKED_SOLO_5x5,PLATINUM,IV,82
u0oTjlWO-5HRxrl0GIjmGUccgXXoPC9-dgvhdUVdP9py5fj1SkvZmVu9bQ,RANKED_SOLO_5x5,PLATINUM,II,99
fq9GpEgy-61dnYPTgHUaD_WHEC2ex4F2QCTcyZQAQsr0G0Bo,RANKED_SOLO_5x5,GOLD,II,90
NiCDL__LmZLnqD4xZI1jX7T68fRMSdXxdGpzswYrGfMD57d2,RANKED_SOLO_5x5,PLATINUM,IV,51
Rr_HBG-3EJKqaaVTXBOTZhPhYAbp3IrQnZTlCAe3cz4Ah-g,RANKED_SOLO_5x5,DIAMOND,I,39
L48XKTW0SBKaplNZx3XohTfTosiWXWK8iUUrF1GssrBQwAUDIhYpDivTjA,RANKED_SOLO_5x5,DIAMOND,I,28
GMBro308ImZp2w_QS-MenmOD0PVDjICsgtp6Mr-ghfKTbbU,RANKED_SOLO_5x5,DIAMOND,I,15
0SfPmoF-ouzOTcsm8sz0JLEVthORCMo_So5WWvQFF8hXy2Rp,RANKED_SOLO_5x5,MASTER,I,83
Hy99Z2mGKuS9bKvSx7zZ71UZK3OSDJTOFh2fxiihl4dCxDMa8hey7CwKyg,RANKED_SOLO_5x5,DIAMOND,I,13
_9OG0KLd47QeBOPdBaNQL2CsJyWQ0hj45HNtTNSkOlfqNGbhns3VAtb2ZQ,RANKED_SOLO_5x5,GRANDMASTER,I,241
tjZCsuXBcWyGKocJPO2p-ANiRDins-vCEDw_txbNDwp4YNRu,RANKED_SOLO_5x5,DIAMOND,I,7
REUK0ZsDKnvDh5-MB_ANeR4aujrrcJL3o4mtKsAo311uts-jeYdHbRgpaw,RANKED_SOLO_5x5,GRANDMASTER,I,455
phEJePQq9WIyfRlyHifHJ4BuxFrh444qrIbcbC47oY9-8kESQ1kj5KtOWQ,RANKED_SOLO_5x5,GRANDMASTER,I,434
DOPxRe9M8rlmtuvqPP8_VrXEmvMVkWg7Ml5gdkOsTgWVrnVIZzETSP8H3w,RANKED_SOLO_5x5,DIAMOND,I,61
WbqENV9ubQKOWm5Nufh18mHGWZh3AK2watATQJmXo6PD052_MOQZ8wJUCA,RANKED_SOLO_5x5,SILVER,III,84
c4Bap_cDcMfH75Xr7E4PZp96dpKNRr7RWlyJaYcYa3cMZzMM,RANKED_SOLO_5x5,BRONZE,II,47
1ZFBXsFDO74eP6NRMtAlWYhhO2drtwy-EEFqkmgb_z2hejEu,RANKED_SOLO_5x5,BRONZE,II,84
1kxH20ybm-eXY_sVrWn0F0JHo9B8om8jFfi2hkUAt7WRIVY,RANKED_FLEX_SR,IRON,I,51
sI_9Ba_RtYTwHew5N7EHtMSfGUFnndRu_n_lP_S_ofC_JQY,RANKED_SOLO_5x5,BRONZE,III,55
NvHLmo_bYujnQj_zrcoNxT498OaebJaFg7N_FDYDVqifgLtZPZ_xVPm4pw,RANKED_SOLO_5x5,BRONZE,IV,45
kO4QUKMe6cbDGeudkSauVRJ8MGQaqEIMe6bphHBf_Sk9Y1b7K1k8T3IIrQ,RANKED_SOLO_5x5,BRONZE,III,93
oMr5wrB_oMRxKOmT94DgYdxij5vwXiTT6YRsqOADfF8B1_4,RANKED_SOLO_5x5,IRON,I,14
XduDCL75vYqk80RVucCYRVv5xM7wG6AzcBwVDfLm7RWWnPY,RANKED_SOLO_5x5,SILVER,IV,72
--SG34AcNNXI1-rIXs42h4aFzP8M0-IEmgMqw86IsRnSMPc,RANKED_SOLO_5x5,BRONZE,III,69
3wvuB-yFloZNtEyrEYa5mdo7M3cDJZxAMvi5Tkq19f8VbwLGeGK_pOTLeQ,RANKED_SOLO_5x5,DIAMOND,I,77
JOdKuQiVm-yRT_Y7_WBQk2aXUIa6sWAhwFktut-gCqMq1e4FxRd6IBEVNg,RANKED_SOLO_5x5,GRANDMASTER,I,334
VV3v7T5APUzKjgTmy6K1iL3X8BxZKtG92S7p232umdX6kv3t,RANKED_SOLO_5x5,MASTER,I,0
tu7T80_ufPvopj8rszc6P3lI9z79n0iwEHL6dJUhsCBaGmdc,RANKED_SOLO_5x5,MASTER,I,38
Xg9No20YYThrh6u-ffvHQPJNkpXzT_cib7C54VSCIhObdE8,RANKED_SOLO_5x5,MASTER,I,81
bE8d_nIaeR5LKzJGBJZP7m_RUQEVIqCtTS6bbs_WsjTBlpY,RANKED_SOLO_5x5,DIAMOND,I,1
DbFpJMYaSgXhVa9U323WuMwjYc0kCzedtpCMiLd4YerrMD_6,RANKED_SOLO_5x5,DIAMOND,II,59
w09CJDifmdH9g8EGihpKqe5pet2wmR_8bS9ttLSlJ5zbmzYRgWi7eQ9ELw,RANKED_SOLO_5x5,EMERALD,II,35
PLKZnM3lmC_nWDbkrxcBEth9ElSP6AAzjGiBhF81_jxAYg-0,RANKED_SOLO_5x5,MASTER,I,5
ACdq1IQEFN9oRXg2P3V-odxeGu2FZLi12-yVAYghj-KACCzwX6rcEgl0gg,RANKED_SOLO_5x5,DIAMOND,II,2
Tics1DcQUKmPC5Oxlfk-A1yL-9Wtaz_7zz5MLZc44CA6AXGYVKxvhpT-Lw,RANKED_FLEX_SR,IRON,I,55
CkyCz-tslTkXmjbezMDmdXThYu84vy7xF1tS5_gMe1oUauV3ktTOtWub1w,RANKED_SOLO_5x5,IRON,II,2
QQtNB6COzhy446tjnCfpVsfTiFC_wa-NUYvQKyd6zpdPnac,RANKED_SOLO_5x5,IRON,II,64
qHlFuN4MvxaEHHuuGPkO8EuuGgDpNgnut0gAMAlAGSeNWitmcZZeohpPKQ,RANKED_SOLO_5x5,IRON,II,11
ObtJdMIqF-jYKIUCc8ae1ZQPhPXCp1xbLXqGVD7pvZZJgtlRmCjTEV_1tg,RANKED_SOLO_5x5,BRONZE,IV,0
LX-jAxrJDqY8bpsaNPPMhP6ig06jOthxKRvsAVRI-1wJO-ztCoMKgeeJ8Q,RANKED_SOLO_5x5,BRONZE,III,68
ao_X_E2h4wimlD-9b-wRvdgrbRf-3r2JV4tDxQ9updtz6CeaW64upI-8IA,RANKED_SOLO_5x5,BRONZE,IV,35
rAKK3g8pPndzHGOb7Wf9lwFG9LGBgLSGEJAIRiWeP5wdrMk,RANKED_SOLO_5x5,IRON,III,50
jD9C5dAsGBKa4nQlW-9Z_LPLdahrohCdrtcpuTL1LkUcIIo,RANKED_SOLO_5x5,IRON,II,37
seIDNauYPzGwyqvJTYB6r7ll0LpZe3IvinVXVszbeyUSfLPWn1RcdFp2dg,RANKED_SOLO_5x5,IRON,IV,79
ES6bj-3Xbcv8CjegVogzV7ICKRZytw7DbBP-MKwWuxaA0ow,RANKED_FLEX_SR,DIAMOND,II,62
i93U6nRcC5d462gjHuyM_OJE0_XptkIbQVR2_4nYGUULXxg,RANKED_SOLO_5x5,EMERALD,I,92
eGKtyKIPeep41VBNroVA_EFGUibsclbhZc0uTSFal8D46dA,RANKED_FLEX_SR,DIAMOND,IV,19
0mpbfrMis-tI8cJ2H1hptrZ6QldNGqPA5n56clxzyvVZjOc,RANKED_FLEX_SR,EMERALD,III,3
gKsq02roqi4czO9aboUb3rYRttQOc9tFDbsf6ae7TPuknl0,RANKED_FLEX_SR,DIAMOND,IV,59
Vn0gUybPOie7gmhPDAZuT-ktGRPYmdfn3zPBzG8TLOMuVyw,RANKED_SOLO_5x5,EMERALD,I,18
3if6dEvR2kW2jTptvhJIUzSFUyKNi0mXGYkYJxprlqe2y6lm,RANKED_FLEX_SR,DIAMOND,III,23
38xNoyOGW3s0MekdYhRdEOIGvj1okIBSRia63z9OLIHOmbk,RANKED_FLEX_SR,EMERALD,III,5
emzdShyQd6jtlBVR4uTMAPHG82v5jBFst7MN55qXnT1g8Ao,RANKED_FLEX_SR,GRANDMASTER,I,464
ZXZ48YLQAxmak8FiyKFNYYCtF9ix0ZP10837FYxfAM7wwTd19xV3u5d3wg,RANKED_FLEX_SR,EMERALD,II,86
CtnREpoUxeZMQdAxVxgAGuJf0KyI2Kgva9G90lXuxvxVIMhh0yp7nXWXHA,RANKED_SOLO_5x5,PLATINUM,IV,51
JgJOgWSlUd9GZwllPLeuyfBW7NiMA1F-BV2n-znwkUnBfkE,RANKED_SOLO_5x5,PLATINUM,IV,69
k8HGVStwVdn_hE-sORxlm3RvlqkkH0hxmJQ1l8lilOr5WxfOYSoFoLi1DQ,RANKED_SOLO_5x5,GOLD,I,71
ahrPLkdPIOt-IZTE3Yv4wWPNEiG95FmWNoICgjsxHFcnYCa4Ga3q7Qnx2g,RANKED_SOLO_5x5,PLATINUM,IV,69
mrH5o4sUNf5liK7bGMrTMRq81ELuwD1CtxFFk2S9tms4P96AHpAZhQJ64Q,RANKED_SOLO_5x5,PLATINUM,IV,0
0rPHWvQt-BXd3SJPp51XM1CI-h6_aAcl7Xwry55mkm5N5Go4,RANKED_SOLO_5x5,GOLD,II,59
ei_AibybxTYX-ZCLA_kb_EOcr4M1xLSrcON6ZmNb3nniEAI,RANKED_SOLO_5x5,GOLD,III,95
mkfFuc4MgbxcZYd4IOLFDuOtN2vYmJgwLeeLcepmjhvd0G6r,RANKED_SOLO_5x5,GOLD,III,20
9iBnsK-3pBVHz40UsqkeuDXb8oH1qo6lk1goAH5SXlIft-o,RANKED_FLEX_SR,GOLD,II,40
m4JHKdhzHtxwu34V-jdOpWf04IOhSojHV-JaofZtzyQ4m9MOyb-yL0_yRg,RANKED_SOLO_5x5,GOLD,III,38
gbF0Y84IvV0mb7Ynkmoro1qODig0RjhA-MRclTYjgv2V76I,RANKED_SOLO_5x5,BRONZE,IV,0
glWJ675Oi4keLGOdYbVj5yfhA9viBsB70DhRJ1HTjdF3AbpuO8-TU-CbJg,RANKED_FLEX_SR,BRONZE,III,25
0tZvNj_ZUglUghgE0LuJWQbcCim1ii2KGZZrfhti7NZxk_BO,RANKED_SOLO_5x5,SILVER,III,61
BrWkDEYYHGHG5DSAFnaSHSizUPyjIIOhXnmyiqi0ysa3apM,RANKED_SOLO_5x5,SILVER,IV,72
8bxH08JQfHyDG-bDV_AshMV507_viKY2J1Ph6dIU8TBzfcEyloeVbs4Bog,RANKED_SOLO_5x5,IRON,IV,50
bBdTyiKIRYC3S9F43BYXDi4POkPt2GW1grAMWXXMsXTHhP-O,RANKED_SOLO_5x5,PLATINUM,IV,57
jSySMV4Z37JP2iK-o28ZdhrzENsTNfFxAC_58XbzCcVCkL8Geo8e3_L92A,RANKED_FLEX_SR,IRON,II,22
fWMkT-E-GanZad4Ki4haRuvPttEGKdNy8EtVEgmNuiFmilUH,RANKED_FLEX_SR,IRON,II,41
OZZSeP1RAEeRYRIH6RFManNk75RJB6nTfCRynx3W-uOdQpeR,RANKED_FLEX_SR,IRON,II,63
GM8WwGC5ky8KweHEKAXmxvycm4K2i8NPZ3uGkpPcfq9qdEk,RANKED_FLEX_SR,SILVER,IV,75
i3nEWVMPvvSfYh6L1DQETl65q8H0rDYkQplqJXJZcwVAuHo,RANKED_FLEX_SR,GOLD,II,59
-o8oqxQB5fLq7erp44-YU89TPCKapebbm-4F1EHs9cvgRrM,RANKED_SOLO_5x5,PLATINUM,II,71
l1mX7ymGaC8XaC48iip6JlAYhq1_Fs4vvwqlRgPJpkEFFi8,RANKED_SOLO_5x5,SILVER,IV,82
i6Rc2F_zALKO8gWkrl19s40tCOwVo1B_whhMYBV0M7lG6EA,RANKED_FLEX_SR,EMERALD,IV,93
fwXqsx8jbdt7xiFO8rJHBgHSbe3JO8kOtrsAg8QCAOyIrMdo,RANKED_FLEX_SR,SILVER,II,13
6iVStMDa2y4U69XJ27mG-IHJil1Yjp-BSdeTy9yedlinbNA,RANKED_SOLO_5x5,GOLD,IV,31
36WXQxgPqIwIoaDTKOYTC740wcDwzx9i6-svydQ3PlR7e4I,RANKED_FLEX_SR,SILVER,III,68
aFktv5XdEPNHpS5hy92zzGNEqHAjrO0jiqXOQyvq46QRFX8,RANKED_SOLO_5x5,PLATINUM,IV,53
l7tw9AUsBVDYLtUrk9P3AWZSJQKBAyZn-3SUvwBpQ2R6-8eT,RANKED_SOLO_5x5,MASTER,I,40
zsXJCp1eP_AH-qlQZs8k5TUjmMN-7VzxlXS1B2Mp1u_XkOilYX8nFJjanw,RANKED_SOLO_5x5,MASTER,I,83
5G1m_u-3E_JeBsYZs8AKZBB5aCjLmfdh5_wtSJcjVtzSmHTpQ6tH8ekpmw,RANKED_SOLO_5x5,MASTER,I,23
tsyZuUzB3HehCUGxrxtqGrGL5LbUrlqbvC-dPu3uutG1oZY,RANKED_SOLO_5x5,MASTER,I,172
lwOCmcgbBOBgtDo45ltgMa_przh15vmI6GXGNgMYwIHUbK0,RANKED_SOLO_5x5,MASTER,I,0
xZz2EmDKNhRRW3uhMfUYHdMpozcpCbNuh9M5f7d_6xKNoJVH,RANKED_SOLO_5x5,MASTER,I,69
qMe7xtK5DgiW0L_UyhnHMvJEhJu8TPMXsuRw0nxjdEhgz-cL,RANKED_SOLO_5x5,MASTER,I,0
x_Q5EoD3ZBfLS1HaXx60lBYgl0dUiSZxP5V0g4WY9P1BQ8FuIhbhyqtKlQ,RANKED_SOLO_5x5,MASTER,I,53
CQijQLv0zabGkm5qZrPJeSj-aAs6DtPWtwt6uGJGxAcP8I0,RANKED_FLEX_SR,DIAMOND,III,27
EDPIQhk8Mh2X8Si_FwFRMPHeeWZG-V-4zZzbsK6-SE2m53Q,RANKED_SOLO_5x5,DIAMOND,II,8
xhjNsj6PENCmUeVVthwEBG6bsoCWj-criWJ73u_4-6MwfMkT8f8US4Zuow,RANKED_SOLO_5x5,EMERALD,IV,56
l7AEV1VGw16S8vLH6_YKEU5XsYWr6-bPVCfYVb_mgY-7fnU,RANKED_SOLO_5x5,PLATINUM,IV,61
VfwG9UTn-f_JYHQBkpIRv0p3lGRrWa0ZNZXV7h6fW4NBotY,RANKED_FLEX_SR,EMERALD,III,91
3o66yl7xYlz1p6ZM2OZ3cT1YB7zIQP_x92c6o--e0HVEr5mT1vhizVVc7w,RANKED_SOLO_5x5,DIAMOND,IV,96
e2tSo50ptF2Hx0CUMRphG49CNHrp9xUehCIssIq58OYvJQCb,RANKED_SOLO_5x5,DIAMOND,I,17
wsuew7meD0A-jJscaK9CcDOR62tPtmJj-7nNVdVFz1rm9gh-kyCnTSY9Og,RANKED_SOLO_5x5,MASTER,I,12
zIQ5IfvRbjijiTRAjz1vFXlTGX4oIqYgRwuQtHy6ib7aVio,RANKED_FLEX_SR,EMERALD,IV,1
vuYcR3cmoKQPmtStfek7gPVCbudlksS8uIBoLYFGOjsY_Gw,RANKED_SOLO_5x5,EMERALD,I,56
BfztttwFwuX-og9cbYS0oEaIvtcuj8sXxAB6gHj2pfHfBuE,RANKED_FLEX_SR,EMERALD,III,86
-M2RSCamjYV0Ch0ZEFmikAZQ9llEVCIFKEz7fGt8i2S5iJck95oeqUMiNA,RANKED_SOLO_5x5,DIAMOND,III,54
-l_J9ACR-ZETjO4maMX84ojcYukQrdNuJIFjHOYcCVMGIH4,RANKED_SOLO_5x5,DIAMOND,IV,56
-qYSNMkFyqdUNuuOm5RtE6zi-IFJEgmTM9r8I386f06Z3DA9AiBBZmghIw,RANKED_SOLO_5x5,DIAMOND,IV,21
xYfol6_GacQvpfidsjroEiWBK-nhvzrxiysyUCVsZF9TeBEjwuju6T3EKQ,RANKED_SOLO_5x5,DIAMOND,I,65
ijz_Ci9hLbYBX0PA5j4hPNVeu5Kugz4JYrvR9w79Y7q3RH2-nyYfFcdy6w,RANKED_SOLO_5x5,DIAMOND,III,1
6DHb3zxyfx4En4_mhrokdkuy0maESmBMssi-DlmujL_CA-DXtYIvJhkG2Q,RANKED_SOLO_5x5,DIAMOND,II,10
Ya_S0y3yph2mYQqcRfNONLiPkXkNWK5bV4AsTmy9JBPA3eSE,RANKED_SOLO_5x5,DIAMOND,I,1
GRa-N-ZRCdH9RyoXx3R-0j3tw_6KAwmEr2PuyITDvaf1pKSR,RANKED_SOLO_5x5,DIAMOND,III,93
DtTSHeE3Fsi_9NST5r-fa88zJS9ckBpzAlWkxHGvePMAGnEI,RANKED_SOLO_5x5,DIAMOND,IV,73
0FaKB3D-3YzpRi4V_ah1saeLK5Spa7znmwVJ-0B3F9QDH7I,RANKED_SOLO_5x5,DIAMOND,III,20
